[
    {
        "color": "#D3C8C0",
        "ids": [
            1,
            4,
            9,
            10,
            17,
            21,
            23,
            24,
            25,
            38,
            47,
            76,
            92,
            106,
            139,
            147,
            161,
            168,
            235,
            321,
            337,
            353,
            372,
            434,
            462,
            463,
            469,
            482,
            524,
            525,
            531,
            548,
            551,
            557,
            558,
            562,
            570,
            605,
            636,
            668,
            687,
            746,
            753,
            773,
            782,
            847
        ]
    },
    {
        "color": "#2F2E3B",
        "ids": [
            2,
            3,
            8,
            15,
            28,
            36,
            41,
            49,
            52,
            62,
            65,
            70,
            79,
            81,
            88,
            104,
            107,
            110,
            114,
            121,
            122,
            127,
            132,
            135,
            140,
            142,
            162,
            205,
            206,
            223,
            253,
            264,
            272,
            274,
            281,
            291,
            309,
            374,
            402,
            459,
            487,
            505,
            506,
            513,
            536,
            547,
            564,
            660,
            663,
            684,
            697,
            698,
            713,
            715,
            722,
            769,
            771,
            799,
            804,
            806,
            827,
            863,
            869
        ]
    },
    {
        "color": "#817E8C",
        "ids": [
            5,
            39,
            57,
            80,
            112,
            178,
            262,
            293,
            342,
            360,
            366,
            410,
            412,
            417,
            435,
            450,
            467,
            486,
            495,
            502,
            522,
            534,
            540,
            559,
            614,
            619,
            621,
            647,
            648,
            681,
            720,
            731,
            743,
            758,
            813,
            817,
            825,
            840,
            854
        ]
    },
    {
        "color": "#B99C94",
        "ids": [
            6,
            83,
            134,
            143,
            167,
            181,
            189,
            201,
            209,
            216,
            240,
            278,
            282,
            328,
            362,
            363,
            370,
            380,
            396,
            397,
            406,
            465,
            499,
            504,
            535,
            563,
            568,
            577,
            635,
            669,
            678,
            680,
            716,
            786,
            801,
            834,
            845,
            859,
            879
        ]
    },
    {
        "color": "#C7795A",
        "ids": [
            7,
            13,
            16,
            74,
            87,
            101,
            105,
            125,
            126,
            144,
            148,
            170,
            179,
            197,
            210,
            211,
            217,
            230,
            254,
            299,
            300,
            304,
            324,
            349,
            431,
            445,
            458,
            484,
            516,
            553,
            561,
            586,
            602,
            608,
            615,
            617,
            664,
            665,
            670,
            768
        ]
    },
    {
        "color": "#D08667",
        "ids": [
            11,
            44,
            73,
            116,
            158,
            252,
            266,
            302,
            529,
            543
        ]
    },
    {
        "color": "#23232B",
        "ids": [
            12,
            33,
            63,
            160,
            184
        ]
    },
    {
        "color": "#726E78",
        "ids": [
            14,
            27,
            35,
            37,
            53,
            96,
            99,
            150,
            156,
            176,
            190,
            191,
            204,
            220,
            225,
            251,
            270,
            276,
            280,
            339,
            350,
            358,
            365,
            387,
            408,
            419,
            421,
            426,
            428,
            447,
            500,
            527,
            556,
            571,
            574,
            578,
            622,
            671,
            677,
            685,
            695,
            705,
            712,
            724,
            726,
            727,
            735,
            766,
            812,
            819,
            831,
            858,
            861
        ]
    },
    {
        "color": "#4E4750",
        "ids": [
            18,
            29,
            40,
            56,
            58,
            59,
            60,
            61,
            67,
            69,
            71,
            75,
            77,
            82,
            90,
            97,
            98,
            100,
            130,
            137,
            155,
            163,
            164,
            166,
            169,
            188,
            196,
            198,
            202,
            214,
            218,
            232,
            233,
            245,
            247,
            256,
            258,
            263,
            271,
            289,
            306,
            313,
            327,
            334,
            346,
            355,
            369,
            375,
            376,
            378,
            384,
            389,
            420,
            422,
            430,
            452,
            461,
            470,
            471,
            479,
            503,
            507,
            518,
            519,
            533,
            541,
            552,
            569,
            575,
            580,
            583,
            590,
            593,
            596,
            603,
            606,
            611,
            618,
            630,
            633,
            638,
            639,
            640,
            649,
            651,
            672,
            679,
            682,
            691,
            696,
            707,
            714,
            719,
            729,
            733,
            738,
            739,
            740,
            750,
            759,
            767,
            772,
            777,
            778,
            784,
            789,
            791,
            795,
            809,
            818,
            829,
            830,
            836,
            839,
            842,
            844,
            851,
            866,
            870,
            873,
            876
        ]
    },
    {
        "color": "#413D43",
        "ids": [
            19,
            115,
            123,
            128,
            138,
            174,
            186,
            312,
            320,
            488,
            626,
            637,
            646,
            656,
            674,
            776,
            798,
            816,
            880
        ]
    },
    {
        "color": "#634542",
        "ids": [
            20,
            45,
            95,
            118,
            145,
            149,
            182,
            219,
            268,
            292,
            310,
            449,
            457,
            501,
            542,
            566,
            591,
            690,
            730,
            732,
            749,
            785,
            787,
            864
        ]
    },
    {
        "color": "#C7BAB3",
        "ids": [
            22,
            26,
            30,
            32,
            43,
            46,
            50,
            54,
            55,
            66,
            84,
            111,
            124,
            133,
            141,
            171,
            177,
            199,
            212,
            227,
            244,
            286,
            287,
            311,
            315,
            317,
            325,
            330,
            331,
            335,
            343,
            345,
            364,
            371,
            385,
            390,
            418,
            475,
            491,
            492,
            511,
            512,
            530,
            550,
            560,
            589,
            595,
            607,
            628,
            641,
            686,
            688,
            708,
            718,
            736,
            763,
            770,
            774,
            797,
            802,
            811,
            814,
            820,
            833
        ]
    },
    {
        "color": "#774A40",
        "ids": [
            31,
            48,
            129,
            175,
            277,
            303,
            381,
            517,
            579,
            701,
            765,
            792,
            826
        ]
    },
    {
        "color": "#6D5250",
        "ids": [
            34,
            64,
            85,
            146,
            183,
            236,
            238,
            344,
            466,
            473,
            508,
            538,
            545,
            581,
            625,
            653,
            704,
            710,
            747,
            808,
            823,
            824,
            835,
            838,
            865,
            871,
            875
        ]
    },
    {
        "color": "#988886",
        "ids": [
            42,
            89,
            180,
            329,
            332,
            351,
            411,
            438,
            443,
            456,
            474,
            480,
            489,
            537,
            549,
            572,
            585,
            599,
            604,
            624,
            692,
            706,
            711,
            734,
            752,
            800,
            852,
            853
        ]
    },
    {
        "color": "#CDAAA0",
        "ids": [
            51,
            159,
            257,
            259,
            275,
            494,
            613,
            755,
            756,
            775,
            794
        ]
    },
    {
        "color": "#A7644C",
        "ids": [
            68,
            93,
            117,
            173,
            221,
            243,
            246,
            260,
            273,
            288,
            301,
            307,
            318,
            319,
            338,
            373,
            423,
            424,
            476,
            526,
            582,
            623,
            627,
            652,
            655,
            737,
            744,
            846
        ]
    },
    {
        "color": "#422D2E",
        "ids": [
            72,
            392,
            515
        ]
    },
    {
        "color": "#59555D",
        "ids": [
            78,
            86,
            157,
            165,
            195,
            215,
            224,
            237,
            290,
            305,
            333,
            348,
            354,
            361,
            401,
            404,
            415,
            429,
            448,
            451,
            509,
            565,
            584,
            601,
            629,
            631,
            634,
            645,
            683,
            702,
            703,
            721,
            723,
            751,
            761,
            764,
            779,
            780,
            783,
            805,
            832,
            855,
            856,
            857,
            862,
            872,
            874
        ]
    },
    {
        "color": "#888A9C",
        "ids": [
            91,
            151,
            208,
            483,
            532,
            642,
            841
        ]
    },
    {
        "color": "#533735",
        "ids": [
            94,
            228
        ]
    },
    {
        "color": "#935A47",
        "ids": [
            102,
            322,
            326,
            400,
            414,
            427,
            472,
            576,
            592,
            644,
            693,
            725,
            748,
            790
        ]
    },
    {
        "color": "#B5AAAB",
        "ids": [
            103,
            136,
            203,
            207,
            226,
            255,
            261,
            279,
            297,
            347,
            356,
            393,
            394,
            395,
            407,
            409,
            433,
            481,
            498,
            546,
            555,
            587,
            588,
            632,
            650,
            661,
            673,
            700,
            717,
            741,
            742,
            760,
            793,
            796,
            822,
            848,
            877
        ]
    },
    {
        "color": "#8E7678",
        "ids": [
            108,
            248,
            267,
            269,
            295,
            405,
            413,
            455,
            464,
            493,
            554,
            612,
            666,
            699
        ]
    },
    {
        "color": "#D99D87",
        "ids": [
            109,
            120,
            341,
            367,
            382,
            446,
            453,
            454,
            689,
            828
        ]
    },
    {
        "color": "#4D416F",
        "ids": [
            113,
            131,
            193,
            336,
            357,
            359,
            478
        ]
    },
    {
        "color": "#E2D6D0",
        "ids": [
            119,
            229,
            539,
            728
        ]
    },
    {
        "color": "#363053",
        "ids": [
            152,
            192,
            416,
            803
        ]
    },
    {
        "color": "#9A9499",
        "ids": [
            153,
            194,
            222,
            265,
            377,
            379,
            497,
            573,
            594,
            654,
            694,
            709,
            754,
            815,
            868,
            878
        ]
    },
    {
        "color": "#765E8C",
        "ids": [
            154,
            187,
            762,
            843
        ]
    },
    {
        "color": "#BC8C7F",
        "ids": [
            172,
            340,
            432,
            436,
            468,
            510,
            597,
            616,
            675,
            810,
            821,
            849,
            850,
            867
        ]
    },
    {
        "color": "#3D4D63",
        "ids": [
            185
        ]
    },
    {
        "color": "#AD7765",
        "ids": [
            200,
            234,
            249,
            250,
            308,
            316,
            403,
            477,
            490,
            609,
            610,
            620,
            643,
            788,
            807,
            860
        ]
    },
    {
        "color": "#A2A4AE",
        "ids": [
            213,
            283,
            437
        ]
    },
    {
        "color": "#906161",
        "ids": [
            231,
            241,
            294,
            296,
            314,
            368,
            391,
            439,
            442,
            496,
            514,
            520,
            521,
            528,
            544,
            598,
            667,
            757,
            837
        ]
    },
    {
        "color": "#685E6C",
        "ids": [
            239,
            284,
            298,
            323,
            383,
            386,
            388,
            398,
            399,
            440,
            441,
            460,
            485,
            523,
            567,
            600,
            657,
            658,
            659,
            781
        ]
    },
    {
        "color": "#AE8793",
        "ids": [
            242
        ]
    },
    {
        "color": "#63547E",
        "ids": [
            285,
            444,
            662,
            745
        ]
    },
    {
        "color": "#7A5C5C",
        "ids": [
            352,
            425
        ]
    },
    {
        "color": "#DB9572",
        "ids": [
            676
        ]
    }
]