[
    {
        "color": "#FCFBFC",
        "ids": [
            1,
            3,
            7,
            10,
            11,
            13,
            15,
            33,
            38,
            40,
            51,
            67,
            81,
            87,
            93,
            119,
            157,
            229,
            261,
            439,
            498,
            514,
            658,
            746
        ]
    },
    {
        "color": "#A5ADC8",
        "ids": [
            2,
            24,
            34,
            98,
            116,
            137,
            188,
            216,
            279,
            301,
            308,
            334,
            349,
            363,
            386,
            403,
            420,
            454,
            496,
            529,
            594,
            640,
            662,
            665,
            693,
            707,
            728
        ]
    },
    {
        "color": "#030815",
        "ids": [
            4,
            8,
            9,
            14,
            16,
            17,
            18,
            21,
            25,
            26,
            28,
            30,
            39,
            42,
            45,
            46,
            49,
            50,
            52,
            53,
            54,
            55,
            58,
            61,
            62,
            65,
            66,
            69,
            76,
            80,
            82,
            94,
            100,
            101,
            113,
            118,
            123,
            130,
            143,
            150,
            151,
            156,
            158,
            174,
            183,
            189,
            281,
            291,
            293,
            315,
            321,
            325,
            340,
            390,
            398,
            450,
            456,
            461,
            473,
            518,
            532,
            606,
            620,
            628,
            642,
            670,
            676,
            683,
            696,
            703,
            716,
            734,
            781
        ]
    },
    {
        "color": "#FCD6C8",
        "ids": [
            5,
            6,
            20,
            23,
            35,
            36,
            129,
            272,
            501,
            545,
            576
        ]
    },
    {
        "color": "#3C3C4D",
        "ids": [
            12,
            70,
            72,
            86,
            89,
            105,
            134,
            163,
            165,
            180,
            185,
            198,
            204,
            205,
            207,
            211,
            235,
            237,
            244,
            259,
            264,
            268,
            299,
            320,
            329,
            330,
            338,
            344,
            355,
            360,
            364,
            366,
            373,
            379,
            384,
            400,
            401,
            404,
            408,
            412,
            434,
            443,
            445,
            447,
            449,
            457,
            463,
            464,
            479,
            480,
            487,
            494,
            533,
            536,
            558,
            569,
            590,
            607,
            618,
            623,
            626,
            629,
            634,
            638,
            690,
            691,
            697,
            698,
            710,
            711,
            712,
            743,
            744,
            745,
            761,
            776,
            782
        ]
    },
    {
        "color": "#071427",
        "ids": [
            19,
            79,
            107,
            108,
            131,
            133,
            141,
            162,
            164,
            173,
            176,
            213,
            227,
            230,
            254,
            258,
            285,
            303,
            307,
            374,
            377,
            421,
            466,
            475,
            491,
            499,
            508,
            512,
            593,
            611,
            617,
            624,
            627,
            635,
            636,
            664,
            666,
            673,
            685,
            689,
            706,
            724,
            742,
            777,
            778
        ]
    },
    {
        "color": "#F6E7E7",
        "ids": [
            22,
            27,
            44,
            68,
            75,
            77,
            104,
            110,
            145,
            146,
            170,
            175,
            181,
            222,
            223,
            288,
            296,
            300,
            342,
            350,
            368,
            383,
            394,
            433,
            507,
            515,
            525,
            541,
            547,
            575,
            584,
            585,
            613,
            622,
            661,
            686,
            719,
            720,
            749,
            760,
            779
        ]
    },
    {
        "color": "#939DBA",
        "ids": [
            29,
            31,
            63,
            95,
            125,
            166,
            168,
            190,
            224,
            260,
            270,
            273,
            319,
            348,
            361,
            413,
            431,
            437,
            440,
            446,
            471,
            524,
            591,
            631,
            643,
            652,
            723,
            768,
            772
        ]
    },
    {
        "color": "#7A81A4",
        "ids": [
            32,
            73,
            132,
            148,
            311,
            328,
            336,
            448,
            452,
            484,
            552,
            554,
            574,
            596,
            599,
            677,
            678,
            682,
            715,
            732,
            774,
            784
        ]
    },
    {
        "color": "#9FB9E9",
        "ids": [
            37,
            155,
            609
        ]
    },
    {
        "color": "#C95B4F",
        "ids": [
            41,
            43,
            48,
            120,
            171,
            178,
            228,
            242,
            395,
            407,
            495,
            580,
            705,
            726
        ]
    },
    {
        "color": "#B7BED5",
        "ids": [
            47,
            99,
            184,
            200,
            221,
            393,
            416,
            432,
            490,
            521,
            595,
            644,
            667,
            680,
            759,
            786
        ]
    },
    {
        "color": "#22202E",
        "ids": [
            56,
            57,
            96,
            97,
            109,
            112,
            122,
            127,
            128,
            136,
            138,
            144,
            149,
            194,
            195,
            202,
            210,
            238,
            256,
            265,
            282,
            284,
            290,
            298,
            304,
            305,
            313,
            317,
            318,
            322,
            323,
            331,
            335,
            337,
            367,
            372,
            388,
            391,
            396,
            405,
            406,
            428,
            441,
            460,
            462,
            474,
            483,
            485,
            486,
            506,
            530,
            555,
            556,
            570,
            579,
            583,
            597,
            603,
            612,
            619,
            630,
            648,
            649,
            650,
            656,
            692,
            700,
            704,
            730,
            735,
            740,
            753,
            767,
            785,
            789
        ]
    },
    {
        "color": "#BA332A",
        "ids": [
            59,
            88,
            253,
            309,
            332,
            347,
            478,
            566
        ]
    },
    {
        "color": "#F6A190",
        "ids": [
            60,
            102,
            160,
            167,
            208,
            215,
            226,
            381,
            418,
            425,
            602,
            663,
            702,
            750
        ]
    },
    {
        "color": "#342D3C",
        "ids": [
            64,
            90,
            106,
            140,
            153,
            159,
            179,
            212,
            252,
            257,
            324,
            375,
            380,
            415,
            444,
            472,
            539,
            540,
            544,
            548,
            549,
            571,
            577,
            625,
            653,
            709,
            733,
            736,
            788
        ]
    },
    {
        "color": "#F84B33",
        "ids": [
            71,
            83,
            142,
            214,
            240,
            353,
            419,
            659
        ]
    },
    {
        "color": "#5D4953",
        "ids": [
            74,
            115,
            117,
            152,
            186,
            339,
            343,
            382,
            389,
            399,
            426,
            488,
            504,
            509,
            511,
            551,
            572,
            646,
            672,
            675,
            727,
            751,
            752
        ]
    },
    {
        "color": "#8E8EA9",
        "ids": [
            78,
            103,
            192,
            193,
            209,
            250,
            266,
            567,
            747
        ]
    },
    {
        "color": "#D0422F",
        "ids": [
            84,
            91,
            197,
            492,
            587,
            598
        ]
    },
    {
        "color": "#46475F",
        "ids": [
            85,
            218,
            246,
            255,
            310,
            362,
            411,
            427,
            568,
            582,
            764,
            790
        ]
    },
    {
        "color": "#F97A6F",
        "ids": [
            92,
            124,
            231,
            233,
            277,
            365,
            531,
            537,
            647,
            671,
            775
        ]
    },
    {
        "color": "#D9D0D8",
        "ids": [
            111,
            114,
            135,
            154,
            172,
            191,
            206,
            245,
            274,
            297,
            306,
            326,
            345,
            346,
            352,
            402,
            414,
            424,
            436,
            455,
            493,
            520,
            527,
            543,
            559,
            560,
            563,
            601,
            633,
            651,
            657,
            660,
            669,
            681,
            718,
            722,
            739,
            757
        ]
    },
    {
        "color": "#A28484",
        "ids": [
            121,
            219,
            314,
            654
        ]
    },
    {
        "color": "#E3E0E4",
        "ids": [
            126,
            147,
            316,
            356,
            409,
            505,
            632,
            708,
            748
        ]
    },
    {
        "color": "#746466",
        "ids": [
            139,
            196,
            267,
            359,
            477,
            510,
            516,
            573,
            604,
            674,
            763,
            780
        ]
    },
    {
        "color": "#8A5D5E",
        "ids": [
            161,
            187,
            276,
            467,
            468,
            783
        ]
    },
    {
        "color": "#D5301E",
        "ids": [
            169
        ]
    },
    {
        "color": "#7A2D25",
        "ids": [
            177
        ]
    },
    {
        "color": "#FDB8A9",
        "ids": [
            182,
            294,
            378,
            497
        ]
    },
    {
        "color": "#1F345C",
        "ids": [
            199,
            333,
            535
        ]
    },
    {
        "color": "#4E3139",
        "ids": [
            201,
            370,
            553,
            588
        ]
    },
    {
        "color": "#361B23",
        "ids": [
            203,
            534,
            694
        ]
    },
    {
        "color": "#6E383F",
        "ids": [
            217,
            239,
            589,
            717
        ]
    },
    {
        "color": "#E25246",
        "ids": [
            220,
            351,
            470,
            523,
            528,
            615,
            731
        ]
    },
    {
        "color": "#615B67",
        "ids": [
            225,
            289,
            292,
            451,
            502,
            522,
            578,
            639,
            688,
            758,
            765,
            787
        ]
    },
    {
        "color": "#777989",
        "ids": [
            232,
            234,
            561,
            592,
            605,
            637,
            679,
            769,
            770
        ]
    },
    {
        "color": "#776D78",
        "ids": [
            236,
            392,
            465,
            482,
            713,
            725,
            737,
            754
        ]
    },
    {
        "color": "#F9645A",
        "ids": [
            241,
            357,
            610
        ]
    },
    {
        "color": "#AA413D",
        "ids": [
            243,
            287,
            295,
            358,
            600
        ]
    },
    {
        "color": "#D4B0B2",
        "ids": [
            247,
            248,
            283,
            369,
            371,
            469,
            519,
            714
        ]
    },
    {
        "color": "#E2917E",
        "ids": [
            249,
            385,
            557
        ]
    },
    {
        "color": "#202842",
        "ids": [
            251,
            586
        ]
    },
    {
        "color": "#B2A4B0",
        "ids": [
            262,
            429,
            542,
            565,
            755,
            771
        ]
    },
    {
        "color": "#FAC6BC",
        "ids": [
            263,
            302,
            376,
            513
        ]
    },
    {
        "color": "#95746F",
        "ids": [
            269
        ]
    },
    {
        "color": "#735357",
        "ids": [
            271,
            397,
            729
        ]
    },
    {
        "color": "#D97375",
        "ids": [
            275,
            327,
            453,
            701,
            741,
            773
        ]
    },
    {
        "color": "#8B7B87",
        "ids": [
            278,
            430,
            489,
            756
        ]
    },
    {
        "color": "#E7AB9A",
        "ids": [
            280,
            538,
            608
        ]
    },
    {
        "color": "#BD705F",
        "ids": [
            286,
            581,
            721,
            762
        ]
    },
    {
        "color": "#F26345",
        "ids": [
            312,
            564,
            616
        ]
    },
    {
        "color": "#F75622",
        "ids": [
            341
        ]
    },
    {
        "color": "#CFC0CB",
        "ids": [
            354,
            410,
            526,
            766
        ]
    },
    {
        "color": "#D79193",
        "ids": [
            387,
            481,
            655
        ]
    },
    {
        "color": "#E06455",
        "ids": [
            417,
            645,
            695
        ]
    },
    {
        "color": "#EB7960",
        "ids": [
            422,
            517
        ]
    },
    {
        "color": "#617194",
        "ids": [
            423,
            562,
            684,
            699
        ]
    },
    {
        "color": "#4F6192",
        "ids": [
            435,
            459
        ]
    },
    {
        "color": "#912023",
        "ids": [
            438
        ]
    },
    {
        "color": "#9C969D",
        "ids": [
            442
        ]
    },
    {
        "color": "#BD797E",
        "ids": [
            458
        ]
    },
    {
        "color": "#B18D96",
        "ids": [
            476,
            503,
            687
        ]
    },
    {
        "color": "#CFA79A",
        "ids": [
            500,
            668
        ]
    },
    {
        "color": "#7493B9",
        "ids": [
            546
        ]
    },
    {
        "color": "#BAAEC3",
        "ids": [
            550
        ]
    },
    {
        "color": "#23131B",
        "ids": [
            614
        ]
    },
    {
        "color": "#8E3C4B",
        "ids": [
            621
        ]
    },
    {
        "color": "#FB8354",
        "ids": [
            641
        ]
    },
    {
        "color": "#C9CCEA",
        "ids": [
            738
        ]
    }
]