[
    {
        "color": "#F8FAFD",
        "ids": [
            1,
            2,
            5,
            6,
            8,
            11,
            13,
            20,
            21,
            26,
            35,
            37,
            39,
            45,
            59,
            66,
            70,
            73,
            83,
            152,
            277,
            283,
            732
        ]
    },
    {
        "color": "#75A3EB",
        "ids": [
            3,
            15,
            38,
            53,
            206,
            237,
            295,
            365,
            596,
            889
        ]
    },
    {
        "color": "#0A1226",
        "ids": [
            4,
            9,
            14,
            27,
            36,
            43,
            50,
            56,
            61,
            64,
            75,
            92,
            101,
            102,
            105,
            110,
            113,
            138,
            151,
            166,
            172,
            184,
            211,
            213,
            221,
            227,
            236,
            254,
            258,
            262,
            271,
            293,
            318,
            382,
            415,
            418,
            450,
            465,
            479,
            492,
            497,
            499,
            533,
            549,
            560,
            576,
            577,
            636,
            663,
            666,
            784,
            797,
            817,
            831,
            854,
            859,
            870,
            918,
            940,
            944
        ]
    },
    {
        "color": "#FD5A04",
        "ids": [
            7,
            10,
            32,
            49,
            54,
            63,
            69,
            71,
            82,
            97,
            100,
            112,
            126,
            153,
            155,
            156,
            169,
            194,
            215,
            217,
            226,
            239,
            268,
            276,
            278,
            296,
            316,
            408,
            424,
            496,
            503,
            543,
            550,
            555,
            610,
            641,
            656,
            687,
            696,
            697,
            709,
            724,
            725,
            741,
            743,
            760,
            812,
            820,
            826,
            842,
            849,
            866,
            878,
            893,
            908,
            924,
            931,
            943
        ]
    },
    {
        "color": "#FBDBC1",
        "ids": [
            12,
            17,
            22,
            24,
            57,
            62,
            98,
            137,
            177,
            181,
            234,
            245,
            263,
            282,
            345,
            383,
            387,
            388,
            420,
            651,
            659,
            680,
            737,
            771,
            788,
            929,
            930,
            937
        ]
    },
    {
        "color": "#A6BDE4",
        "ids": [
            16,
            86,
            204,
            311,
            458,
            480,
            545,
            750,
            837,
            879
        ]
    },
    {
        "color": "#F8EFE4",
        "ids": [
            18,
            44,
            47,
            74,
            79,
            90,
            120,
            124,
            141,
            160,
            180,
            252,
            297,
            432,
            470,
            512,
            557,
            604,
            623,
            632,
            638,
            810,
            927
        ]
    },
    {
        "color": "#FD8707",
        "ids": [
            19,
            23,
            25,
            28,
            29,
            30,
            31,
            46,
            65,
            144,
            175,
            179,
            214,
            250,
            325,
            341,
            394,
            402,
            463,
            485,
            527,
            544,
            587,
            624,
            664,
            773,
            890,
            912
        ]
    },
    {
        "color": "#3E5698",
        "ids": [
            33,
            60,
            81,
            91,
            162,
            200,
            256,
            269,
            308,
            312,
            342,
            370,
            381,
            421,
            438,
            473,
            500,
            534,
            537,
            546,
            551,
            556,
            562,
            592,
            626,
            634,
            677,
            690,
            714,
            787,
            793,
            813,
            815,
            824,
            883
        ]
    },
    {
        "color": "#898CC3",
        "ids": [
            34,
            40,
            99,
            189,
            216,
            291,
            326,
            429,
            443,
            483,
            689,
            693,
            719,
            772,
            946
        ]
    },
    {
        "color": "#AEA2BA",
        "ids": [
            41,
            48,
            67,
            87,
            88,
            103,
            128,
            130,
            133,
            134,
            140,
            154,
            168,
            198,
            222,
            229,
            232,
            240,
            264,
            279,
            289,
            343,
            347,
            376,
            380,
            390,
            442,
            453,
            530,
            567,
            569,
            597,
            645,
            657,
            660,
            668,
            669,
            715,
            728,
            752,
            804,
            828,
            830,
            832,
            846,
            858,
            868,
            882,
            898,
            900,
            923,
            936
        ]
    },
    {
        "color": "#BFB5C2",
        "ids": [
            42,
            76,
            78,
            80,
            106,
            118,
            131,
            185,
            188,
            220,
            286,
            303,
            395,
            471,
            478,
            490,
            522,
            563,
            572,
            578,
            588,
            598,
            602,
            614,
            620,
            646,
            681,
            684,
            702,
            736,
            754,
            765,
            766,
            783,
            829,
            872,
            896,
            902,
            903,
            947
        ]
    },
    {
        "color": "#92B3E8",
        "ids": [
            51,
            192
        ]
    },
    {
        "color": "#121F3D",
        "ids": [
            52,
            129,
            150,
            158,
            159,
            199,
            257,
            301,
            314,
            361,
            407,
            489,
            495,
            513,
            517,
            532,
            583,
            652,
            662,
            758,
            790,
            819,
            855,
            905
        ]
    },
    {
        "color": "#C12205",
        "ids": [
            55,
            104,
            364,
            456,
            493,
            525,
            535,
            933
        ]
    },
    {
        "color": "#CA2D1E",
        "ids": [
            58,
            266,
            358,
            410,
            417,
            452,
            749,
            839,
            851,
            888,
            913,
            938
        ]
    },
    {
        "color": "#FA711C",
        "ids": [
            68,
            136,
            163,
            196,
            285,
            378,
            446,
            461,
            553,
            591,
            608,
            647,
            735,
            802,
            811,
            853,
            865
        ]
    },
    {
        "color": "#FD6E06",
        "ids": [
            72,
            187,
            777
        ]
    },
    {
        "color": "#D93C22",
        "ids": [
            77,
            259,
            275,
            514,
            612,
            874,
            887
        ]
    },
    {
        "color": "#ABAFCA",
        "ids": [
            84,
            142,
            323,
            449,
            586,
            593,
            609,
            648,
            703,
            745,
            757,
            770,
            775
        ]
    },
    {
        "color": "#E5E8F2",
        "ids": [
            85,
            251,
            454,
            718
        ]
    },
    {
        "color": "#EB5D52",
        "ids": [
            89,
            405
        ]
    },
    {
        "color": "#453048",
        "ids": [
            93,
            157,
            164,
            274,
            324,
            353,
            367,
            391,
            437,
            571,
            640,
            688,
            699,
            755,
            801,
            838,
            885,
            907
        ]
    },
    {
        "color": "#304B88",
        "ids": [
            94,
            145,
            202,
            210,
            255,
            328,
            384,
            477,
            558,
            637,
            713,
            729,
            762,
            769,
            816,
            843,
            914
        ]
    },
    {
        "color": "#9899BC",
        "ids": [
            95,
            440,
            554,
            590,
            678,
            711,
            756,
            821
        ]
    },
    {
        "color": "#884546",
        "ids": [
            96,
            926
        ]
    },
    {
        "color": "#FB8F1D",
        "ids": [
            107,
            292
        ]
    },
    {
        "color": "#E7D4CE",
        "ids": [
            108,
            121,
            233,
            501,
            622,
            779,
            897,
            916,
            925,
            942
        ]
    },
    {
        "color": "#FE470B",
        "ids": [
            109,
            190,
            208,
            231,
            281,
            300,
            317,
            411,
            462,
            467,
            582,
            585,
            618,
            712,
            727,
            740,
            748,
            792,
            892,
            895
        ]
    },
    {
        "color": "#F78535",
        "ids": [
            111,
            117,
            191,
            330,
            368,
            607,
            628,
            629,
            850
        ]
    },
    {
        "color": "#323242",
        "ids": [
            114,
            116,
            247,
            270,
            335,
            344,
            377,
            392,
            502,
            671,
            909
        ]
    },
    {
        "color": "#708ACC",
        "ids": [
            115,
            139,
            197,
            218,
            248,
            482,
            600,
            603,
            658,
            722,
            823
        ]
    },
    {
        "color": "#EC2605",
        "ids": [
            119,
            319,
            340,
            403,
            423,
            561,
            617,
            726,
            835
        ]
    },
    {
        "color": "#F4995C",
        "ids": [
            122,
            224,
            225,
            249,
            302,
            386,
            427,
            526,
            679,
            751
        ]
    },
    {
        "color": "#4F89DB",
        "ids": [
            123,
            334,
            579,
            695,
            798,
            862
        ]
    },
    {
        "color": "#6698DC",
        "ids": [
            125,
            173,
            580,
            698
        ]
    },
    {
        "color": "#0E2453",
        "ids": [
            127,
            243,
            329,
            398,
            430,
            459,
            566,
            707,
            761,
            786,
            848,
            899,
            934
        ]
    },
    {
        "color": "#526798",
        "ids": [
            132,
            146,
            288,
            304,
            356,
            374,
            399,
            400,
            404,
            425,
            511,
            730,
            782,
            822,
            845,
            856,
            948
        ]
    },
    {
        "color": "#525164",
        "ids": [
            135,
            242,
            315,
            351,
            435,
            444,
            568,
            574,
            717,
            731
        ]
    },
    {
        "color": "#D1C5C7",
        "ids": [
            143,
            186,
            261,
            287,
            313,
            332,
            350,
            379,
            428,
            639,
            814
        ]
    },
    {
        "color": "#6081E3",
        "ids": [
            147
        ]
    },
    {
        "color": "#F7EED0",
        "ids": [
            148,
            559,
            599
        ]
    },
    {
        "color": "#1D3266",
        "ids": [
            149,
            165,
            176,
            182,
            193,
            309,
            338,
            348,
            366,
            372,
            385,
            389,
            406,
            416,
            472,
            547,
            818,
            915
        ]
    },
    {
        "color": "#FDB06E",
        "ids": [
            161,
            246,
            413,
            433,
            516,
            606,
            800,
            876
        ]
    },
    {
        "color": "#6880B6",
        "ids": [
            167,
            174,
            228,
            260,
            306,
            337,
            362,
            460,
            521,
            667,
            720,
            733,
            742,
            744,
            794
        ]
    },
    {
        "color": "#A991A8",
        "ids": [
            170,
            265,
            439,
            487,
            505,
            701,
            795
        ]
    },
    {
        "color": "#EA4B09",
        "ids": [
            171,
            352,
            476,
            540,
            710
        ]
    },
    {
        "color": "#FD6233",
        "ids": [
            178,
            235,
            284,
            466,
            508,
            548,
            764,
            901
        ]
    },
    {
        "color": "#8585A6",
        "ids": [
            183,
            203,
            272,
            299,
            396,
            401,
            457,
            469,
            507,
            601,
            621,
            633,
            661,
            691,
            694,
            704,
            860,
            871,
            906
        ]
    },
    {
        "color": "#EEA781",
        "ids": [
            195,
            241,
            409,
            528,
            564,
            615
        ]
    },
    {
        "color": "#932E21",
        "ids": [
            201,
            481,
            515,
            518,
            774,
            921
        ]
    },
    {
        "color": "#A8210E",
        "ids": [
            205,
            747,
            881
        ]
    },
    {
        "color": "#F2E1A9",
        "ids": [
            207,
            212,
            541,
            644,
            655,
            836
        ]
    },
    {
        "color": "#22141E",
        "ids": [
            209,
            327,
            393,
            441,
            491,
            584,
            805,
            844
        ]
    },
    {
        "color": "#BA9499",
        "ids": [
            219,
            455
        ]
    },
    {
        "color": "#283E78",
        "ids": [
            223,
            320,
            414,
            474,
            486,
            523,
            538,
            552,
            570,
            573,
            589,
            721,
            803
        ]
    },
    {
        "color": "#A97771",
        "ids": [
            230,
            307
        ]
    },
    {
        "color": "#A78591",
        "ids": [
            238,
            468
        ]
    },
    {
        "color": "#6A2B44",
        "ids": [
            244,
            877
        ]
    },
    {
        "color": "#42415E",
        "ids": [
            253,
            884,
            910
        ]
    },
    {
        "color": "#87191A",
        "ids": [
            267,
            346,
            419,
            759
        ]
    },
    {
        "color": "#C17680",
        "ids": [
            273,
            422
        ]
    },
    {
        "color": "#6C7A9F",
        "ids": [
            280,
            510,
            531,
            581,
            682,
            738,
            806,
            875,
            939
        ]
    },
    {
        "color": "#B6BFD8",
        "ids": [
            290,
            333,
            434
        ]
    },
    {
        "color": "#E2C6B5",
        "ids": [
            294,
            807
        ]
    },
    {
        "color": "#E19682",
        "ids": [
            298,
            339
        ]
    },
    {
        "color": "#2F365A",
        "ids": [
            305
        ]
    },
    {
        "color": "#D6D5DD",
        "ids": [
            310,
            464,
            475,
            706
        ]
    },
    {
        "color": "#FB8567",
        "ids": [
            321
        ]
    },
    {
        "color": "#9D5947",
        "ids": [
            322,
            649,
            894
        ]
    },
    {
        "color": "#99696D",
        "ids": [
            331,
            785,
            886,
            891
        ]
    },
    {
        "color": "#310D0F",
        "ids": [
            336,
            776
        ]
    },
    {
        "color": "#59181A",
        "ids": [
            349,
            451,
            605,
            739,
            919,
            932
        ]
    },
    {
        "color": "#F96D49",
        "ids": [
            354,
            922
        ]
    },
    {
        "color": "#28222F",
        "ids": [
            355,
            686,
            928
        ]
    },
    {
        "color": "#23264A",
        "ids": [
            357
        ]
    },
    {
        "color": "#E97A58",
        "ids": [
            359,
            746
        ]
    },
    {
        "color": "#646B90",
        "ids": [
            360,
            412,
            630,
            833
        ]
    },
    {
        "color": "#EED098",
        "ids": [
            363,
            506,
            519,
            529,
            631,
            935
        ]
    },
    {
        "color": "#C3B3AE",
        "ids": [
            369
        ]
    },
    {
        "color": "#4876B7",
        "ids": [
            371,
            431,
            484,
            595,
            665,
            705,
            708,
            723,
            796,
            847
        ]
    },
    {
        "color": "#99A5CF",
        "ids": [
            373
        ]
    },
    {
        "color": "#866774",
        "ids": [
            375,
            768,
            791,
            873
        ]
    },
    {
        "color": "#4D2932",
        "ids": [
            397,
            520
        ]
    },
    {
        "color": "#A6212D",
        "ids": [
            426
        ]
    },
    {
        "color": "#FBCDA9",
        "ids": [
            436,
            575
        ]
    },
    {
        "color": "#F9B13E",
        "ids": [
            445,
            809
        ]
    },
    {
        "color": "#F2D856",
        "ids": [
            447
        ]
    },
    {
        "color": "#E48D64",
        "ids": [
            448,
            864
        ]
    },
    {
        "color": "#FD5919",
        "ids": [
            488,
            827
        ]
    },
    {
        "color": "#EB7E14",
        "ids": [
            494
        ]
    },
    {
        "color": "#41537C",
        "ids": [
            498,
            683,
            692,
            700,
            767,
            808
        ]
    },
    {
        "color": "#6A2229",
        "ids": [
            504
        ]
    },
    {
        "color": "#8E6257",
        "ids": [
            509,
            920
        ]
    },
    {
        "color": "#E8140E",
        "ids": [
            524
        ]
    },
    {
        "color": "#13080D",
        "ids": [
            536,
            611,
            852
        ]
    },
    {
        "color": "#3368C4",
        "ids": [
            539,
            753
        ]
    },
    {
        "color": "#9C2B43",
        "ids": [
            542
        ]
    },
    {
        "color": "#FCBE95",
        "ids": [
            565,
            857
        ]
    },
    {
        "color": "#D54F46",
        "ids": [
            594,
            635,
            654,
            674
        ]
    },
    {
        "color": "#58597D",
        "ids": [
            613
        ]
    },
    {
        "color": "#CE8C93",
        "ids": [
            616
        ]
    },
    {
        "color": "#CC3A33",
        "ids": [
            619
        ]
    },
    {
        "color": "#F33F21",
        "ids": [
            625,
            840
        ]
    },
    {
        "color": "#43161B",
        "ids": [
            627
        ]
    },
    {
        "color": "#F0CF40",
        "ids": [
            642
        ]
    },
    {
        "color": "#D62B04",
        "ids": [
            643,
            841
        ]
    },
    {
        "color": "#4665AB",
        "ids": [
            650
        ]
    },
    {
        "color": "#F5B759",
        "ids": [
            653
        ]
    },
    {
        "color": "#D65A27",
        "ids": [
            670,
            781,
            941
        ]
    },
    {
        "color": "#ED513C",
        "ids": [
            672,
            673
        ]
    },
    {
        "color": "#EADCE1",
        "ids": [
            675
        ]
    },
    {
        "color": "#F33A00",
        "ids": [
            676,
            880
        ]
    },
    {
        "color": "#427ACF",
        "ids": [
            685
        ]
    },
    {
        "color": "#0E3677",
        "ids": [
            716
        ]
    },
    {
        "color": "#92767D",
        "ids": [
            734
        ]
    },
    {
        "color": "#5770AB",
        "ids": [
            763
        ]
    },
    {
        "color": "#D67949",
        "ids": [
            778
        ]
    },
    {
        "color": "#C76D3F",
        "ids": [
            780
        ]
    },
    {
        "color": "#BF9683",
        "ids": [
            789
        ]
    },
    {
        "color": "#AA5F55",
        "ids": [
            799
        ]
    },
    {
        "color": "#EA5F1C",
        "ids": [
            825
        ]
    },
    {
        "color": "#FBA627",
        "ids": [
            834
        ]
    },
    {
        "color": "#836C9D",
        "ids": [
            861
        ]
    },
    {
        "color": "#7B9ED5",
        "ids": [
            863
        ]
    },
    {
        "color": "#AB0E04",
        "ids": [
            867
        ]
    },
    {
        "color": "#F0B7B7",
        "ids": [
            869
        ]
    },
    {
        "color": "#857B8E",
        "ids": [
            904
        ]
    },
    {
        "color": "#5F0907",
        "ids": [
            911
        ]
    },
    {
        "color": "#FE8D4E",
        "ids": [
            917
        ]
    },
    {
        "color": "#9C5662",
        "ids": [
            945
        ]
    }
]