[
    {
        "color": "#FAFCFB",
        "ids": [
            1,
            2,
            3,
            5,
            8,
            11,
            16,
            26,
            32,
            39,
            42,
            45,
            56,
            63,
            64,
            123,
            234,
            289,
            387,
            508,
            619,
            632,
            674,
            744,
            800,
            1128
        ]
    },
    {
        "color": "#A59BF7",
        "ids": [
            4,
            14,
            15,
            22,
            28,
            51,
            86,
            156,
            166,
            209,
            219,
            257,
            484,
            602,
            609,
            679,
            751,
            951,
            1018
        ]
    },
    {
        "color": "#000132",
        "ids": [
            6,
            7,
            13,
            20,
            23,
            29,
            33,
            35,
            38,
            43,
            44,
            47,
            48,
            49,
            50,
            53,
            58,
            61,
            68,
            69,
            73,
            83,
            99,
            111,
            114,
            122,
            131,
            135,
            137,
            138,
            143,
            161,
            163,
            165,
            168,
            195,
            202,
            259,
            264,
            269,
            279,
            294,
            297,
            329,
            331,
            384,
            393,
            414,
            415,
            421,
            423,
            424,
            468,
            487,
            499,
            529,
            530,
            538,
            561,
            617,
            645,
            652,
            672,
            681,
            738,
            770,
            809,
            863,
            893,
            902,
            919,
            935,
            941,
            974,
            975,
            986,
            1030,
            1033,
            1034,
            1050,
            1085,
            1100,
            1115
        ]
    },
    {
        "color": "#F3CEDA",
        "ids": [
            9,
            12,
            17,
            70,
            95,
            98,
            242,
            422,
            448,
            507,
            694,
            786,
            929,
            965,
            966,
            996,
            1013,
            1097
        ]
    },
    {
        "color": "#010847",
        "ids": [
            10,
            18,
            46,
            52,
            54,
            65,
            66,
            72,
            101,
            141,
            145,
            155,
            159,
            193,
            210,
            267,
            286,
            346,
            383,
            398,
            454,
            522,
            571,
            631,
            637,
            668,
            682,
            712,
            724,
            739,
            773,
            807,
            879,
            885,
            888,
            934,
            938,
            981,
            985,
            1002,
            1003,
            1035,
            1043,
            1061
        ]
    },
    {
        "color": "#FD5F3D",
        "ids": [
            19,
            27,
            67,
            76,
            80,
            100,
            102,
            144,
            154,
            162,
            230,
            232,
            250,
            306,
            377,
            406,
            498,
            570,
            623,
            649,
            734,
            782,
            790,
            884,
            897,
            922,
            957,
            1004
        ]
    },
    {
        "color": "#FAE4E6",
        "ids": [
            21,
            36,
            62,
            107,
            121,
            132,
            157,
            160,
            180,
            208,
            268,
            281,
            337,
            353,
            425,
            503,
            544,
            553,
            568,
            646,
            716,
            741,
            834,
            837,
            908,
            945,
            1096,
            1098,
            1106,
            1114
        ]
    },
    {
        "color": "#8976E0",
        "ids": [
            24,
            34,
            91,
            173,
            215,
            263,
            271,
            274,
            302,
            569,
            680,
            765,
            801,
            813,
            865,
            880,
            1049,
            1065,
            1067,
            1101,
            1105,
            1118
        ]
    },
    {
        "color": "#08038D",
        "ids": [
            25,
            60,
            227,
            235,
            237,
            328,
            366,
            378,
            458,
            601,
            726,
            746,
            764,
            787,
            846,
            862,
            901,
            909,
            1027,
            1083,
            1099
        ]
    },
    {
        "color": "#2904E7",
        "ids": [
            30,
            371
        ]
    },
    {
        "color": "#7043D3",
        "ids": [
            31,
            139,
            170,
            287,
            348,
            410,
            626,
            1086
        ]
    },
    {
        "color": "#442A98",
        "ids": [
            37,
            78,
            103,
            105,
            213,
            233,
            324,
            552,
            669,
            695,
            855,
            1046,
            1068
        ]
    },
    {
        "color": "#E2E0ED",
        "ids": [
            40,
            133,
            140,
            191,
            284,
            305,
            493,
            523,
            600,
            735,
            811,
            838,
            864,
            1090,
            1109,
            1122
        ]
    },
    {
        "color": "#9C74D3",
        "ids": [
            41,
            134,
            244,
            322,
            349,
            514,
            603,
            698,
            825
        ]
    },
    {
        "color": "#00011A",
        "ids": [
            55,
            104,
            253,
            391,
            535,
            723,
            756,
            828,
            843,
            892,
            913,
            954,
            1093
        ]
    },
    {
        "color": "#9A8EEB",
        "ids": [
            57,
            93,
            110,
            241,
            245,
            272,
            394,
            537,
            709,
            940,
            967,
            983,
            993,
            1040
        ]
    },
    {
        "color": "#F12E35",
        "ids": [
            59,
            127,
            295,
            308,
            428,
            495,
            506,
            670,
            896,
            953
        ]
    },
    {
        "color": "#8131DF",
        "ids": [
            71,
            252,
            277,
            509,
            703,
            827,
            977
        ]
    },
    {
        "color": "#210A89",
        "ids": [
            74,
            82,
            151,
            177,
            194,
            214,
            228,
            299,
            321,
            594,
            604,
            608,
            634,
            699,
            701,
            729,
            737,
            740,
            789,
            808,
            810,
            998,
            1053,
            1126
        ]
    },
    {
        "color": "#1F165A",
        "ids": [
            75,
            108,
            153,
            212,
            342,
            461,
            475,
            501,
            572,
            574,
            591,
            620,
            621,
            642,
            784,
            804,
            950,
            1074,
            1102
        ]
    },
    {
        "color": "#F05B9A",
        "ids": [
            77,
            248,
            260,
            467,
            647,
            775
        ]
    },
    {
        "color": "#FC7645",
        "ids": [
            79,
            81,
            147,
            164,
            218,
            246,
            276,
            290,
            314,
            350,
            419,
            437,
            459,
            524,
            539,
            564,
            607,
            639,
            696,
            710,
            743,
            923,
            959,
            1092
        ]
    },
    {
        "color": "#20257C",
        "ids": [
            84,
            130,
            226,
            317,
            325,
            402,
            427,
            441,
            494,
            628,
            653,
            677,
            802,
            847,
            942,
            1026,
            1103
        ]
    },
    {
        "color": "#0A0B59",
        "ids": [
            85,
            109,
            113,
            115,
            129,
            172,
            184,
            278,
            296,
            319,
            336,
            439,
            457,
            463,
            472,
            480,
            492,
            511,
            533,
            543,
            551,
            556,
            566,
            579,
            588,
            614,
            654,
            689,
            705,
            732,
            750,
            812,
            818,
            842,
            858,
            898,
            932,
            939,
            987,
            994,
            1036,
            1075,
            1076
        ]
    },
    {
        "color": "#0F1177",
        "ids": [
            87,
            207,
            335,
            397,
            399,
            432,
            466,
            504,
            510,
            616,
            636,
            704,
            718,
            722,
            749,
            780,
            836,
            852,
            870,
            882,
            914,
            984,
            1037,
            1064,
            1127
        ]
    },
    {
        "color": "#3C2CAB",
        "ids": [
            88,
            344,
            599,
            719,
            731,
            745,
            799,
            853,
            992
        ]
    },
    {
        "color": "#C70764",
        "ids": [
            89,
            438,
            451,
            471,
            478,
            671,
            774,
            955
        ]
    },
    {
        "color": "#FBA75C",
        "ids": [
            90,
            118,
            200,
            527,
            540,
            690,
            899,
            1058
        ]
    },
    {
        "color": "#FA2971",
        "ids": [
            92,
            142,
            217,
            390,
            515,
            557,
            596,
            721,
            868,
            972,
            1052,
            1070
        ]
    },
    {
        "color": "#C2A6F5",
        "ids": [
            94,
            136,
            148,
            240,
            247,
            312,
            357,
            392,
            407,
            583,
            592,
            643,
            713,
            755,
            990,
            1024,
            1088
        ]
    },
    {
        "color": "#6000E7",
        "ids": [
            96,
            293,
            479,
            903
        ]
    },
    {
        "color": "#7662DA",
        "ids": [
            97,
            303,
            443,
            490,
            491
        ]
    },
    {
        "color": "#FA9157",
        "ids": [
            106,
            186,
            199,
            231,
            309,
            330,
            338,
            345,
            374,
            404,
            488,
            575,
            754,
            860
        ]
    },
    {
        "color": "#7B50BF",
        "ids": [
            112,
            618
        ]
    },
    {
        "color": "#631FDA",
        "ids": [
            116,
            171,
            270,
            369,
            370,
            611,
            625,
            859,
            877
        ]
    },
    {
        "color": "#6312C2",
        "ids": [
            117,
            367,
            376,
            460,
            469,
            656,
            673,
            684,
            714,
            727,
            763,
            814,
            822,
            824,
            832
        ]
    },
    {
        "color": "#C48EF8",
        "ids": [
            119,
            243,
            433,
            1120
        ]
    },
    {
        "color": "#760258",
        "ids": [
            120,
            363,
            926
        ]
    },
    {
        "color": "#3809A4",
        "ids": [
            124,
            146,
            285,
            354,
            361,
            389,
            417,
            615,
            778,
            823,
            915,
            963
        ]
    },
    {
        "color": "#C6288A",
        "ids": [
            125,
            728,
            1111
        ]
    },
    {
        "color": "#DECBE3",
        "ids": [
            126,
            396,
            436,
            585,
            613,
            664,
            666,
            768,
            1001
        ]
    },
    {
        "color": "#DB3BA6",
        "ids": [
            128,
            567,
            979
        ]
    },
    {
        "color": "#FD4C5B",
        "ids": [
            149,
            301,
            385,
            420,
            449,
            610,
            791,
            803,
            840,
            1057
        ]
    },
    {
        "color": "#EF85BA",
        "ids": [
            150,
            185,
            204,
            236,
            341,
            362,
            785,
            795,
            960,
            1112
        ]
    },
    {
        "color": "#FB71A7",
        "ids": [
            152,
            796
        ]
    },
    {
        "color": "#7A10DB",
        "ids": [
            158,
            201,
            254,
            464,
            465,
            486,
            542,
            660,
            844,
            978,
            1012
        ]
    },
    {
        "color": "#5F1C96",
        "ids": [
            167,
            249,
            776,
            1014,
            1094
        ]
    },
    {
        "color": "#B27573",
        "ids": [
            169
        ]
    },
    {
        "color": "#210FB2",
        "ids": [
            174,
            196,
            198,
            238,
            251,
            262,
            310,
            379,
            447,
            474,
            742,
            788,
            904,
            905,
            917,
            930,
            964,
            1051,
            1110
        ]
    },
    {
        "color": "#151C8E",
        "ids": [
            175,
            222,
            318,
            356,
            753,
            1044
        ]
    },
    {
        "color": "#7420CA",
        "ids": [
            176,
            516,
            854,
            931
        ]
    },
    {
        "color": "#C5BFE5",
        "ids": [
            178,
            311,
            351,
            382,
            526,
            550,
            554,
            640,
            857,
            883,
            969,
            1059
        ]
    },
    {
        "color": "#E02D5D",
        "ids": [
            179,
            648,
            663,
            850,
            1038
        ]
    },
    {
        "color": "#4314CD",
        "ids": [
            181,
            211,
            327,
            477,
            502,
            531,
            586,
            590,
            633,
            700,
            835
        ]
    },
    {
        "color": "#E32382",
        "ids": [
            182,
            197,
            339,
            697
        ]
    },
    {
        "color": "#322286",
        "ids": [
            183,
            409,
            541
        ]
    },
    {
        "color": "#8C55E6",
        "ids": [
            187,
            627,
            1116
        ]
    },
    {
        "color": "#4828BF",
        "ids": [
            188,
            430,
            925,
            1010
        ]
    },
    {
        "color": "#CE129C",
        "ids": [
            189
        ]
    },
    {
        "color": "#0F12A2",
        "ids": [
            190,
            334,
            476,
            758,
            916
        ]
    },
    {
        "color": "#FE2857",
        "ids": [
            192,
            360,
            364,
            375,
            413,
            455,
            470,
            558,
            624,
            693,
            733,
            867,
            907,
            988
        ]
    },
    {
        "color": "#2224A8",
        "ids": [
            203,
            687,
            875,
            878,
            999
        ]
    },
    {
        "color": "#AE40AA",
        "ids": [
            205,
            355
        ]
    },
    {
        "color": "#D8AFE9",
        "ids": [
            206,
            408,
            452,
            481,
            584,
            845,
            873,
            973,
            982,
            1079
        ]
    },
    {
        "color": "#F3B2C9",
        "ids": [
            216,
            223,
            429,
            891,
            1029,
            1084
        ]
    },
    {
        "color": "#5D34B5",
        "ids": [
            220,
            890,
            946,
            995,
            1078
        ]
    },
    {
        "color": "#7C47A6",
        "ids": [
            221,
            661
        ]
    },
    {
        "color": "#1F11C7",
        "ids": [
            224,
            307,
            622,
            777,
            833,
            1021,
            1039
        ]
    },
    {
        "color": "#D578CE",
        "ids": [
            225,
            365,
            418,
            872
        ]
    },
    {
        "color": "#A20460",
        "ids": [
            229,
            894,
            910
        ]
    },
    {
        "color": "#8009C4",
        "ids": [
            239,
            1095
        ]
    },
    {
        "color": "#FAECC6",
        "ids": [
            255,
            976,
            1113
        ]
    },
    {
        "color": "#FC695D",
        "ids": [
            256,
            258,
            359,
            446,
            528,
            793,
            869
        ]
    },
    {
        "color": "#AB7BE9",
        "ids": [
            261,
            380,
            411,
            431,
            641,
            826,
            856,
            887,
            1048,
            1071
        ]
    },
    {
        "color": "#F78669",
        "ids": [
            265,
            593,
            839,
            1020
        ]
    },
    {
        "color": "#D5054A",
        "ids": [
            266,
            520,
            562,
            595,
            881
        ]
    },
    {
        "color": "#223EBB",
        "ids": [
            273,
            708
        ]
    },
    {
        "color": "#7B69C4",
        "ids": [
            275,
            401,
            918,
            1087
        ]
    },
    {
        "color": "#5501B8",
        "ids": [
            280,
            298,
            453,
            577,
            761,
            783
        ]
    },
    {
        "color": "#F16CE9",
        "ids": [
            282
        ]
    },
    {
        "color": "#E01168",
        "ids": [
            283,
            462,
            606,
            747,
            819,
            861,
            911,
            1056
        ]
    },
    {
        "color": "#8A3036",
        "ids": [
            288
        ]
    },
    {
        "color": "#E60B39",
        "ids": [
            291,
            405,
            563,
            851,
            1005,
            1006,
            1121
        ]
    },
    {
        "color": "#AA1777",
        "ids": [
            292,
            403
        ]
    },
    {
        "color": "#F80C56",
        "ids": [
            300,
            386,
            521,
            658,
            659,
            736,
            886,
            895,
            1054
        ]
    },
    {
        "color": "#4E3DAA",
        "ids": [
            304,
            373,
            1072
        ]
    },
    {
        "color": "#B4A4D9",
        "ids": [
            313,
            650,
            936,
            1055,
            1089
        ]
    },
    {
        "color": "#F30C1D",
        "ids": [
            315
        ]
    },
    {
        "color": "#545FCA",
        "ids": [
            316,
            326,
            707,
            1077
        ]
    },
    {
        "color": "#62154E",
        "ids": [
            320,
            937
        ]
    },
    {
        "color": "#FD4925",
        "ids": [
            323,
            638
        ]
    },
    {
        "color": "#4D17A5",
        "ids": [
            332,
            546
        ]
    },
    {
        "color": "#000377",
        "ids": [
            333,
            629,
            991,
            1000
        ]
    },
    {
        "color": "#29348F",
        "ids": [
            340
        ]
    },
    {
        "color": "#5705D0",
        "ids": [
            343,
            997,
            1017
        ]
    },
    {
        "color": "#E84CA7",
        "ids": [
            347,
            426
        ]
    },
    {
        "color": "#F9B88A",
        "ids": [
            352,
            497,
            513,
            534,
            792
        ]
    },
    {
        "color": "#F89EBB",
        "ids": [
            358,
            725,
            1060
        ]
    },
    {
        "color": "#5A2EC8",
        "ids": [
            368
        ]
    },
    {
        "color": "#5E4DD1",
        "ids": [
            372,
            605,
            921
        ]
    },
    {
        "color": "#B1679A",
        "ids": [
            381
        ]
    },
    {
        "color": "#011965",
        "ids": [
            388,
            781
        ]
    },
    {
        "color": "#CD8DBD",
        "ids": [
            395
        ]
    },
    {
        "color": "#F2C7C6",
        "ids": [
            400
        ]
    },
    {
        "color": "#8192EB",
        "ids": [
            412,
            657,
            767,
            948,
            1066
        ]
    },
    {
        "color": "#FB6B91",
        "ids": [
            416
        ]
    },
    {
        "color": "#F239C1",
        "ids": [
            434
        ]
    },
    {
        "color": "#CB062A",
        "ids": [
            435
        ]
    },
    {
        "color": "#3818B6",
        "ids": [
            440,
            560,
            655,
            794,
            831
        ]
    },
    {
        "color": "#5B3C94",
        "ids": [
            442,
            651
        ]
    },
    {
        "color": "#CF3270",
        "ids": [
            444
        ]
    },
    {
        "color": "#F3ACF6",
        "ids": [
            445,
            980
        ]
    },
    {
        "color": "#B80051",
        "ids": [
            450,
            805
        ]
    },
    {
        "color": "#F89B6D",
        "ids": [
            456,
            512,
            971,
            1069
        ]
    },
    {
        "color": "#DF736F",
        "ids": [
            473
        ]
    },
    {
        "color": "#C1B7D1",
        "ids": [
            482,
            1019
        ]
    },
    {
        "color": "#909BBE",
        "ids": [
            483
        ]
    },
    {
        "color": "#D477E5",
        "ids": [
            485,
            519
        ]
    },
    {
        "color": "#B7376C",
        "ids": [
            489
        ]
    },
    {
        "color": "#F9AD48",
        "ids": [
            496,
            1007
        ]
    },
    {
        "color": "#2D0A46",
        "ids": [
            500,
            548,
            597,
            928
        ]
    },
    {
        "color": "#7B72EE",
        "ids": [
            505
        ]
    },
    {
        "color": "#4E15BB",
        "ids": [
            517
        ]
    },
    {
        "color": "#3B042C",
        "ids": [
            518,
            766
        ]
    },
    {
        "color": "#FD2724",
        "ids": [
            525
        ]
    },
    {
        "color": "#FA37AD",
        "ids": [
            532,
            730,
            1045
        ]
    },
    {
        "color": "#BE399D",
        "ids": [
            536
        ]
    },
    {
        "color": "#A955F5",
        "ids": [
            545,
            874,
            1023,
            1063
        ]
    },
    {
        "color": "#A40492",
        "ids": [
            547
        ]
    },
    {
        "color": "#DE4667",
        "ids": [
            549
        ]
    },
    {
        "color": "#C06CF7",
        "ids": [
            555
        ]
    },
    {
        "color": "#5050B7",
        "ids": [
            559,
            968
        ]
    },
    {
        "color": "#DF3885",
        "ids": [
            565,
            685,
            779
        ]
    },
    {
        "color": "#CA027A",
        "ids": [
            573,
            989
        ]
    },
    {
        "color": "#FCC996",
        "ids": [
            576,
            757
        ]
    },
    {
        "color": "#1E1336",
        "ids": [
            578
        ]
    },
    {
        "color": "#8943D7",
        "ids": [
            580
        ]
    },
    {
        "color": "#B88DDF",
        "ids": [
            581,
            662,
            676
        ]
    },
    {
        "color": "#FD473E",
        "ids": [
            582,
            956
        ]
    },
    {
        "color": "#D54DC2",
        "ids": [
            587
        ]
    },
    {
        "color": "#EE4BE5",
        "ids": [
            589
        ]
    },
    {
        "color": "#E72E97",
        "ids": [
            598
        ]
    },
    {
        "color": "#DC60A5",
        "ids": [
            612,
            760
        ]
    },
    {
        "color": "#DA4891",
        "ids": [
            630
        ]
    },
    {
        "color": "#977DBD",
        "ids": [
            635,
            961
        ]
    },
    {
        "color": "#FD0B2F",
        "ids": [
            644,
            1025
        ]
    },
    {
        "color": "#D6A4CE",
        "ids": [
            665,
            678,
            1123
        ]
    },
    {
        "color": "#F91369",
        "ids": [
            667
        ]
    },
    {
        "color": "#DE97DE",
        "ids": [
            675,
            1031,
            1104
        ]
    },
    {
        "color": "#9C39C4",
        "ids": [
            683,
            797,
            816
        ]
    },
    {
        "color": "#D61FE5",
        "ids": [
            686
        ]
    },
    {
        "color": "#F8CFF0",
        "ids": [
            688,
            1047
        ]
    },
    {
        "color": "#9B13ED",
        "ids": [
            691
        ]
    },
    {
        "color": "#F253CF",
        "ids": [
            692
        ]
    },
    {
        "color": "#B80C84",
        "ids": [
            702
        ]
    },
    {
        "color": "#7473A2",
        "ids": [
            706
        ]
    },
    {
        "color": "#B91C55",
        "ids": [
            711
        ]
    },
    {
        "color": "#993FE9",
        "ids": [
            715
        ]
    },
    {
        "color": "#4242D9",
        "ids": [
            717,
            952,
            1042,
            1117
        ]
    },
    {
        "color": "#F1B7B0",
        "ids": [
            720
        ]
    },
    {
        "color": "#522F87",
        "ids": [
            748
        ]
    },
    {
        "color": "#D32BB6",
        "ids": [
            752
        ]
    },
    {
        "color": "#E94D79",
        "ids": [
            759,
            820
        ]
    },
    {
        "color": "#CFD6F1",
        "ids": [
            762,
            849
        ]
    },
    {
        "color": "#F73D6F",
        "ids": [
            769
        ]
    },
    {
        "color": "#1E0254",
        "ids": [
            771
        ]
    },
    {
        "color": "#34015C",
        "ids": [
            772,
            848,
            1041,
            1091,
            1107
        ]
    },
    {
        "color": "#BE22DB",
        "ids": [
            798
        ]
    },
    {
        "color": "#C66AA8",
        "ids": [
            806
        ]
    },
    {
        "color": "#48529F",
        "ids": [
            815
        ]
    },
    {
        "color": "#E0888B",
        "ids": [
            817
        ]
    },
    {
        "color": "#962398",
        "ids": [
            821,
            1032
        ]
    },
    {
        "color": "#F6828D",
        "ids": [
            829
        ]
    },
    {
        "color": "#0810C3",
        "ids": [
            830
        ]
    },
    {
        "color": "#FBBD68",
        "ids": [
            841,
            900
        ]
    },
    {
        "color": "#DA64ED",
        "ids": [
            866
        ]
    },
    {
        "color": "#6F093F",
        "ids": [
            871
        ]
    },
    {
        "color": "#5D46EE",
        "ids": [
            876,
            912
        ]
    },
    {
        "color": "#CD1834",
        "ids": [
            889
        ]
    },
    {
        "color": "#3B3E6B",
        "ids": [
            906
        ]
    },
    {
        "color": "#DA3ACA",
        "ids": [
            920
        ]
    },
    {
        "color": "#FE8C41",
        "ids": [
            924
        ]
    },
    {
        "color": "#D7B2BF",
        "ids": [
            927
        ]
    },
    {
        "color": "#8B1A81",
        "ids": [
            933
        ]
    },
    {
        "color": "#6E26A2",
        "ids": [
            943,
            947
        ]
    },
    {
        "color": "#FA0FBE",
        "ids": [
            944
        ]
    },
    {
        "color": "#8A3C5E",
        "ids": [
            949
        ]
    },
    {
        "color": "#F83286",
        "ids": [
            958,
            970
        ]
    },
    {
        "color": "#130620",
        "ids": [
            962
        ]
    },
    {
        "color": "#C40BBE",
        "ids": [
            1008
        ]
    },
    {
        "color": "#38126A",
        "ids": [
            1009,
            1119
        ]
    },
    {
        "color": "#EE0DCE",
        "ids": [
            1011
        ]
    },
    {
        "color": "#DA3EED",
        "ids": [
            1015
        ]
    },
    {
        "color": "#FE7FC6",
        "ids": [
            1016,
            1124
        ]
    },
    {
        "color": "#F55F28",
        "ids": [
            1022
        ]
    },
    {
        "color": "#40088A",
        "ids": [
            1028
        ]
    },
    {
        "color": "#2129D7",
        "ids": [
            1062
        ]
    },
    {
        "color": "#F96DBD",
        "ids": [
            1073
        ]
    },
    {
        "color": "#860A4E",
        "ids": [
            1080
        ]
    },
    {
        "color": "#4E53DF",
        "ids": [
            1081
        ]
    },
    {
        "color": "#6833E5",
        "ids": [
            1082
        ]
    },
    {
        "color": "#A387FC",
        "ids": [
            1108
        ]
    },
    {
        "color": "#D75ED5",
        "ids": [
            1125
        ]
    }
]