[
    {
        "color": "#F2F4F8",
        "ids": [
            1,
            9,
            16,
            21,
            22,
            24,
            33,
            37,
            59,
            86,
            96,
            109,
            133,
            136,
            185,
            222,
            223,
            228,
            232,
            237,
            282,
            292
        ]
    },
    {
        "color": "#F3772B",
        "ids": [
            2,
            4,
            7,
            29,
            35,
            67,
            148,
            175,
            298,
            304
        ]
    },
    {
        "color": "#F77C3E",
        "ids": [
            3,
            56,
            218,
            243
        ]
    },
    {
        "color": "#2C225F",
        "ids": [
            5,
            13,
            17,
            18,
            34,
            36,
            38,
            43,
            46,
            51,
            54,
            63,
            74,
            79,
            85,
            105,
            138,
            139,
            152,
            168,
            193,
            194,
            221,
            247,
            275,
            285,
            294,
            296,
            297,
            302
        ]
    },
    {
        "color": "#EB491B",
        "ids": [
            6,
            62,
            102,
            123,
            174,
            183,
            195,
            197,
            201,
            267,
            281
        ]
    },
    {
        "color": "#F4D7CE",
        "ids": [
            8,
            10,
            12,
            20,
            42,
            50,
            57,
            66,
            213,
            305
        ]
    },
    {
        "color": "#261F43",
        "ids": [
            11,
            15,
            23,
            25,
            27,
            31,
            41,
            75,
            87,
            89,
            100,
            107,
            115,
            125,
            157,
            179,
            184,
            191,
            205,
            208,
            210,
            227,
            233,
            234,
            236,
            240,
            254,
            256,
            277,
            278,
            295
        ]
    },
    {
        "color": "#352474",
        "ids": [
            14,
            28,
            30,
            129,
            153,
            164,
            202,
            203,
            217,
            230,
            244,
            253,
            257,
            309
        ]
    },
    {
        "color": "#4B2E93",
        "ids": [
            19,
            61,
            71,
            144,
            271,
            306
        ]
    },
    {
        "color": "#3E3381",
        "ids": [
            26,
            172,
            266,
            276,
            293
        ]
    },
    {
        "color": "#101332",
        "ids": [
            32,
            64,
            65,
            81,
            82,
            91,
            122,
            131,
            135,
            147,
            154,
            158,
            173,
            176,
            177,
            182,
            214,
            225,
            249,
            251,
            255,
            260,
            264,
            270
        ]
    },
    {
        "color": "#171551",
        "ids": [
            39,
            52,
            145,
            189,
            252,
            259,
            308
        ]
    },
    {
        "color": "#FBE9DE",
        "ids": [
            40,
            55,
            98,
            231
        ]
    },
    {
        "color": "#E8DAE5",
        "ids": [
            44,
            78,
            93,
            97,
            99,
            101,
            118,
            121,
            126,
            127,
            140,
            166,
            235,
            248
        ]
    },
    {
        "color": "#CA3D33",
        "ids": [
            45,
            150,
            159,
            171
        ]
    },
    {
        "color": "#4F429A",
        "ids": [
            47,
            258
        ]
    },
    {
        "color": "#DE7D44",
        "ids": [
            48,
            95,
            290,
            310
        ]
    },
    {
        "color": "#3D376A",
        "ids": [
            49,
            219
        ]
    },
    {
        "color": "#F4AFA6",
        "ids": [
            53,
            60,
            108,
            167,
            180
        ]
    },
    {
        "color": "#C0BBDA",
        "ids": [
            58,
            116,
            178,
            199,
            206,
            207,
            211,
            279
        ]
    },
    {
        "color": "#2D212D",
        "ids": [
            68,
            76,
            119,
            287
        ]
    },
    {
        "color": "#E8BABD",
        "ids": [
            69,
            83,
            113,
            265
        ]
    },
    {
        "color": "#F7CAB6",
        "ids": [
            70,
            92
        ]
    },
    {
        "color": "#D6CDDF",
        "ids": [
            72,
            161,
            188,
            224,
            241,
            311
        ]
    },
    {
        "color": "#F2663C",
        "ids": [
            73,
            307
        ]
    },
    {
        "color": "#DE2B04",
        "ids": [
            77,
            132,
            163,
            190
        ]
    },
    {
        "color": "#FE955E",
        "ids": [
            80,
            110,
            198,
            239
        ]
    },
    {
        "color": "#93416A",
        "ids": [
            84
        ]
    },
    {
        "color": "#50437C",
        "ids": [
            88,
            111,
            263
        ]
    },
    {
        "color": "#A53F21",
        "ids": [
            90
        ]
    },
    {
        "color": "#6863A3",
        "ids": [
            94,
            220
        ]
    },
    {
        "color": "#9D91C0",
        "ids": [
            103,
            187
        ]
    },
    {
        "color": "#E66220",
        "ids": [
            104,
            112,
            114,
            120,
            143,
            186,
            196,
            286,
            289
        ]
    },
    {
        "color": "#D55124",
        "ids": [
            106,
            215
        ]
    },
    {
        "color": "#CD2328",
        "ids": [
            117,
            181,
            269,
            300
        ]
    },
    {
        "color": "#F6A643",
        "ids": [
            124
        ]
    },
    {
        "color": "#E94352",
        "ids": [
            128
        ]
    },
    {
        "color": "#F58487",
        "ids": [
            130
        ]
    },
    {
        "color": "#C3ABCA",
        "ids": [
            134,
            272
        ]
    },
    {
        "color": "#DE9587",
        "ids": [
            137
        ]
    },
    {
        "color": "#FCB896",
        "ids": [
            141,
            142
        ]
    },
    {
        "color": "#ADB0D4",
        "ids": [
            146
        ]
    },
    {
        "color": "#C3250D",
        "ids": [
            149
        ]
    },
    {
        "color": "#030417",
        "ids": [
            151,
            192,
            229
        ]
    },
    {
        "color": "#D05A79",
        "ids": [
            155
        ]
    },
    {
        "color": "#AE9CB5",
        "ids": [
            156
        ]
    },
    {
        "color": "#FC4F65",
        "ids": [
            160
        ]
    },
    {
        "color": "#ECA58F",
        "ids": [
            162
        ]
    },
    {
        "color": "#F29378",
        "ids": [
            165
        ]
    },
    {
        "color": "#D96662",
        "ids": [
            169
        ]
    },
    {
        "color": "#B03D8C",
        "ids": [
            170
        ]
    },
    {
        "color": "#DBA3A9",
        "ids": [
            200
        ]
    },
    {
        "color": "#5A203F",
        "ids": [
            204
        ]
    },
    {
        "color": "#51393E",
        "ids": [
            209
        ]
    },
    {
        "color": "#11106D",
        "ids": [
            212,
            284
        ]
    },
    {
        "color": "#452746",
        "ids": [
            216
        ]
    },
    {
        "color": "#FB943B",
        "ids": [
            226,
            246
        ]
    },
    {
        "color": "#A97D87",
        "ids": [
            238
        ]
    },
    {
        "color": "#E82F21",
        "ids": [
            242
        ]
    },
    {
        "color": "#F68158",
        "ids": [
            245,
            283
        ]
    },
    {
        "color": "#6B6784",
        "ids": [
            250
        ]
    },
    {
        "color": "#7D1322",
        "ids": [
            261
        ]
    },
    {
        "color": "#C86424",
        "ids": [
            262
        ]
    },
    {
        "color": "#6B4F97",
        "ids": [
            268
        ]
    },
    {
        "color": "#B11026",
        "ids": [
            273
        ]
    },
    {
        "color": "#030A43",
        "ids": [
            274
        ]
    },
    {
        "color": "#C2AFB6",
        "ids": [
            280
        ]
    },
    {
        "color": "#CE624B",
        "ids": [
            288
        ]
    },
    {
        "color": "#5D34B5",
        "ids": [
            291
        ]
    },
    {
        "color": "#1C1F75",
        "ids": [
            299,
            312
        ]
    },
    {
        "color": "#773A37",
        "ids": [
            301
        ]
    },
    {
        "color": "#C6A39A",
        "ids": [
            303
        ]
    }
]