[
    {
        "color": "#F5F7F9",
        "ids": [
            1,
            5,
            9,
            12,
            17,
            19,
            25,
            41
        ]
    },
    {
        "color": "#EA511E",
        "ids": [
            2
        ]
    },
    {
        "color": "#28283C",
        "ids": [
            3,
            10,
            11,
            13,
            15,
            21,
            22
        ]
    },
    {
        "color": "#F8D4C3",
        "ids": [
            4,
            6,
            7,
            8,
            14,
            28,
            33,
            53
        ]
    },
    {
        "color": "#EA714F",
        "ids": [
            16,
            34,
            35,
            36,
            50
        ]
    },
    {
        "color": "#F99B7E",
        "ids": [
            18,
            20
        ]
    },
    {
        "color": "#DA8C76",
        "ids": [
            23,
            37
        ]
    },
    {
        "color": "#99A5B5",
        "ids": [
            24
        ]
    },
    {
        "color": "#FAE7D9",
        "ids": [
            26
        ]
    },
    {
        "color": "#BB2702",
        "ids": [
            27,
            47
        ]
    },
    {
        "color": "#A7B2C6",
        "ids": [
            29
        ]
    },
    {
        "color": "#4E3A38",
        "ids": [
            30
        ]
    },
    {
        "color": "#1A1B27",
        "ids": [
            31
        ]
    },
    {
        "color": "#A22F07",
        "ids": [
            32
        ]
    },
    {
        "color": "#EC8962",
        "ids": [
            38
        ]
    },
    {
        "color": "#464355",
        "ids": [
            39
        ]
    },
    {
        "color": "#33364A",
        "ids": [
            40,
            46
        ]
    },
    {
        "color": "#EFAB8F",
        "ids": [
            42,
            51
        ]
    },
    {
        "color": "#C44619",
        "ids": [
            43
        ]
    },
    {
        "color": "#E5E5E7",
        "ids": [
            44
        ]
    },
    {
        "color": "#565053",
        "ids": [
            45
        ]
    },
    {
        "color": "#AA6255",
        "ids": [
            48
        ]
    },
    {
        "color": "#D7D7DF",
        "ids": [
            49
        ]
    },
    {
        "color": "#E1B3A3",
        "ids": [
            52
        ]
    }
]