[
    {
        "color": "#F4F5F8",
        "ids": [
            1,
            16,
            38,
            45,
            57,
            61,
            62,
            64,
            65,
            68,
            96,
            97,
            118,
            130,
            176
        ]
    },
    {
        "color": "#FBB04F",
        "ids": [
            2,
            19,
            199
        ]
    },
    {
        "color": "#4A408A",
        "ids": [
            3,
            5,
            18,
            25,
            46,
            74,
            144,
            202,
            213
        ]
    },
    {
        "color": "#2D2363",
        "ids": [
            4,
            7,
            10,
            24,
            28,
            48,
            50,
            70,
            92,
            99,
            136,
            140,
            153,
            168,
            184,
            187,
            188,
            189,
            193
        ]
    },
    {
        "color": "#1F2141",
        "ids": [
            6,
            33,
            36,
            37,
            54,
            67,
            72,
            73,
            76,
            79,
            104,
            110,
            113,
            115,
            125,
            134,
            135,
            138,
            143,
            152,
            154,
            162,
            173,
            177,
            185,
            216
        ]
    },
    {
        "color": "#F97133",
        "ids": [
            8,
            26,
            109,
            208
        ]
    },
    {
        "color": "#FACFC0",
        "ids": [
            9,
            11,
            14,
            17,
            42,
            63,
            84,
            105,
            158,
            164,
            203
        ]
    },
    {
        "color": "#53288F",
        "ids": [
            12
        ]
    },
    {
        "color": "#B3A3CB",
        "ids": [
            13,
            81,
            82,
            90,
            207,
            215
        ]
    },
    {
        "color": "#F46917",
        "ids": [
            15,
            23,
            27,
            32,
            35,
            75,
            102
        ]
    },
    {
        "color": "#FB9437",
        "ids": [
            20,
            29
        ]
    },
    {
        "color": "#F4B1A2",
        "ids": [
            21,
            44,
            103,
            114
        ]
    },
    {
        "color": "#F9A88F",
        "ids": [
            22
        ]
    },
    {
        "color": "#111537",
        "ids": [
            30,
            51,
            55,
            88,
            117,
            128,
            179,
            194
        ]
    },
    {
        "color": "#3E3578",
        "ids": [
            31,
            40,
            53,
            56,
            77,
            101,
            183
        ]
    },
    {
        "color": "#F2430B",
        "ids": [
            34,
            58,
            69,
            86,
            87,
            89,
            122,
            201
        ]
    },
    {
        "color": "#F2AF6D",
        "ids": [
            39,
            95,
            211
        ]
    },
    {
        "color": "#F6836E",
        "ids": [
            41,
            47,
            93,
            160,
            192,
            196
        ]
    },
    {
        "color": "#D9542F",
        "ids": [
            43,
            108,
            111,
            157,
            190
        ]
    },
    {
        "color": "#F8E8E6",
        "ids": [
            49,
            116,
            120,
            145,
            155,
            166,
            167,
            191,
            204,
            205,
            212,
            217
        ]
    },
    {
        "color": "#181A59",
        "ids": [
            52,
            80
        ]
    },
    {
        "color": "#57399A",
        "ids": [
            59
        ]
    },
    {
        "color": "#F69080",
        "ids": [
            60,
            66,
            123,
            156
        ]
    },
    {
        "color": "#E12F05",
        "ids": [
            71,
            149
        ]
    },
    {
        "color": "#E66D39",
        "ids": [
            78,
            148,
            161,
            171
        ]
    },
    {
        "color": "#7B6DA0",
        "ids": [
            83,
            106
        ]
    },
    {
        "color": "#D04616",
        "ids": [
            85
        ]
    },
    {
        "color": "#D9CAD4",
        "ids": [
            91,
            150,
            165,
            209
        ]
    },
    {
        "color": "#C04C5C",
        "ids": [
            94
        ]
    },
    {
        "color": "#7965B6",
        "ids": [
            98
        ]
    },
    {
        "color": "#D5B0B2",
        "ids": [
            100,
            141,
            147
        ]
    },
    {
        "color": "#4E3444",
        "ids": [
            107
        ]
    },
    {
        "color": "#9F80C8",
        "ids": [
            112,
            121,
            129,
            170
        ]
    },
    {
        "color": "#0A0826",
        "ids": [
            119
        ]
    },
    {
        "color": "#F8E5C2",
        "ids": [
            124,
            127,
            137,
            195,
            198
        ]
    },
    {
        "color": "#4342B1",
        "ids": [
            126
        ]
    },
    {
        "color": "#EE8140",
        "ids": [
            131,
            182
        ]
    },
    {
        "color": "#5A4065",
        "ids": [
            132
        ]
    },
    {
        "color": "#D6DAED",
        "ids": [
            133,
            151,
            163
        ]
    },
    {
        "color": "#B32303",
        "ids": [
            139
        ]
    },
    {
        "color": "#A04C51",
        "ids": [
            142
        ]
    },
    {
        "color": "#5D519E",
        "ids": [
            146
        ]
    },
    {
        "color": "#C1B6BA",
        "ids": [
            159
        ]
    },
    {
        "color": "#C9A4A7",
        "ids": [
            169
        ]
    },
    {
        "color": "#913433",
        "ids": [
            172
        ]
    },
    {
        "color": "#FCD3A0",
        "ids": [
            174,
            214
        ]
    },
    {
        "color": "#E5724F",
        "ids": [
            175,
            197
        ]
    },
    {
        "color": "#C3BCE3",
        "ids": [
            178
        ]
    },
    {
        "color": "#FAC584",
        "ids": [
            180
        ]
    },
    {
        "color": "#CB6941",
        "ids": [
            181
        ]
    },
    {
        "color": "#A58CB7",
        "ids": [
            186
        ]
    },
    {
        "color": "#E5D1C0",
        "ids": [
            200
        ]
    },
    {
        "color": "#8386C4",
        "ids": [
            206
        ]
    },
    {
        "color": "#373254",
        "ids": [
            210
        ]
    }
]