[
    {
        "color": "#F7F7F8",
        "ids": [
            1,
            8,
            17,
            19,
            21,
            23,
            25,
            41
        ]
    },
    {
        "color": "#101431",
        "ids": [
            2,
            14,
            28,
            33,
            37,
            54,
            57,
            69
        ]
    },
    {
        "color": "#8CA3E4",
        "ids": [
            3,
            40,
            53,
            80
        ]
    },
    {
        "color": "#F67542",
        "ids": [
            4,
            7,
            9
        ]
    },
    {
        "color": "#4455B5",
        "ids": [
            5,
            34,
            63,
            75
        ]
    },
    {
        "color": "#FACDC1",
        "ids": [
            6,
            11,
            12,
            15
        ]
    },
    {
        "color": "#37418F",
        "ids": [
            10,
            13,
            58
        ]
    },
    {
        "color": "#8B1C14",
        "ids": [
            16
        ]
    },
    {
        "color": "#E6441E",
        "ids": [
            18,
            22,
            49,
            59,
            66,
            68,
            84
        ]
    },
    {
        "color": "#F99F86",
        "ids": [
            20
        ]
    },
    {
        "color": "#EA6136",
        "ids": [
            24,
            45,
            71,
            83
        ]
    },
    {
        "color": "#D82D11",
        "ids": [
            26,
            44
        ]
    },
    {
        "color": "#6F6DA9",
        "ids": [
            27,
            47
        ]
    },
    {
        "color": "#A7BCF6",
        "ids": [
            29,
            31,
            65
        ]
    },
    {
        "color": "#F7B9A3",
        "ids": [
            30,
            67
        ]
    },
    {
        "color": "#E1E2E5",
        "ids": [
            32,
            38,
            87
        ]
    },
    {
        "color": "#7B81BF",
        "ids": [
            35,
            70,
            88
        ]
    },
    {
        "color": "#5065BC",
        "ids": [
            36,
            51,
            60,
            82
        ]
    },
    {
        "color": "#D2D6F0",
        "ids": [
            39
        ]
    },
    {
        "color": "#4E3A6B",
        "ids": [
            42
        ]
    },
    {
        "color": "#A4ADE4",
        "ids": [
            43,
            48
        ]
    },
    {
        "color": "#B72D19",
        "ids": [
            46,
            56
        ]
    },
    {
        "color": "#3746A8",
        "ids": [
            50
        ]
    },
    {
        "color": "#35242E",
        "ids": [
            52,
            73
        ]
    },
    {
        "color": "#C4B2B5",
        "ids": [
            55
        ]
    },
    {
        "color": "#EB4135",
        "ids": [
            61
        ]
    },
    {
        "color": "#D0C8CD",
        "ids": [
            62
        ]
    },
    {
        "color": "#383B6F",
        "ids": [
            64,
            85
        ]
    },
    {
        "color": "#4E2C22",
        "ids": [
            72
        ]
    },
    {
        "color": "#E5E7FA",
        "ids": [
            74
        ]
    },
    {
        "color": "#A298B1",
        "ids": [
            76
        ]
    },
    {
        "color": "#3D2E47",
        "ids": [
            77
        ]
    },
    {
        "color": "#939BBF",
        "ids": [
            78
        ]
    },
    {
        "color": "#6E5183",
        "ids": [
            79,
            86
        ]
    },
    {
        "color": "#F7E4D9",
        "ids": [
            81
        ]
    }
]