[
    {
        "color": "#F0F7F7",
        "ids": [
            1,
            19,
            30,
            41,
            42,
            47,
            53,
            63,
            80,
            103,
            107,
            411
        ]
    },
    {
        "color": "#290793",
        "ids": [
            2,
            3,
            21,
            28,
            35,
            36,
            38,
            56,
            62,
            76,
            90,
            94,
            113,
            130,
            134,
            152,
            162,
            171,
            172,
            201,
            204,
            207,
            208,
            212,
            304,
            306,
            314,
            335,
            352,
            387,
            421,
            423,
            469,
            471,
            478
        ]
    },
    {
        "color": "#180457",
        "ids": [
            4,
            20,
            25,
            31,
            51,
            54,
            65,
            69,
            71,
            84,
            91,
            110,
            112,
            124,
            177,
            192,
            198,
            221,
            222,
            227,
            272,
            274,
            276,
            288,
            292,
            313,
            323,
            324,
            375,
            384,
            394,
            404,
            447,
            461,
            467,
            477
        ]
    },
    {
        "color": "#22047F",
        "ids": [
            5,
            8,
            17,
            23,
            27,
            48,
            72,
            75,
            77,
            121,
            133,
            163,
            164,
            181,
            219,
            233,
            257,
            268,
            277,
            369,
            372,
            377,
            410,
            414,
            417,
            433
        ]
    },
    {
        "color": "#F4BBB9",
        "ids": [
            6,
            14,
            15,
            33,
            57,
            85,
            93,
            126,
            224,
            244,
            259,
            328
        ]
    },
    {
        "color": "#FCA435",
        "ids": [
            7,
            9,
            18,
            29,
            32,
            58,
            281,
            393,
            419
        ]
    },
    {
        "color": "#EF4102",
        "ids": [
            10,
            43,
            61,
            66,
            83,
            92,
            98,
            101,
            132,
            135,
            170,
            187,
            196,
            452
        ]
    },
    {
        "color": "#32137C",
        "ids": [
            11,
            13,
            131,
            178,
            351
        ]
    },
    {
        "color": "#EF5F4C",
        "ids": [
            12,
            52,
            437
        ]
    },
    {
        "color": "#F89A52",
        "ids": [
            16,
            453
        ]
    },
    {
        "color": "#FC951C",
        "ids": [
            22,
            34,
            49,
            154,
            193,
            223,
            253,
            382,
            401,
            446
        ]
    },
    {
        "color": "#723BC0",
        "ids": [
            24,
            45,
            249,
            312,
            385
        ]
    },
    {
        "color": "#4707AD",
        "ids": [
            26,
            39,
            40,
            96,
            97,
            111,
            230,
            310,
            356,
            362,
            365,
            435,
            448
        ]
    },
    {
        "color": "#F28512",
        "ids": [
            37,
            86,
            102,
            300,
            370,
            392,
            406
        ]
    },
    {
        "color": "#E72A03",
        "ids": [
            44,
            118,
            167,
            239,
            265,
            269,
            278,
            320,
            367,
            460
        ]
    },
    {
        "color": "#0C0936",
        "ids": [
            46,
            74,
            78,
            79,
            117,
            127,
            191,
            209,
            213,
            220,
            252,
            287,
            317,
            376,
            395,
            400,
            444
        ]
    },
    {
        "color": "#B1385C",
        "ids": [
            50,
            125,
            150,
            425
        ]
    },
    {
        "color": "#110073",
        "ids": [
            55,
            179,
            214,
            332,
            418,
            439
        ]
    },
    {
        "color": "#2D0EA9",
        "ids": [
            59,
            114,
            145,
            242,
            307,
            429
        ]
    },
    {
        "color": "#DAC1FA",
        "ids": [
            60,
            165,
            457
        ]
    },
    {
        "color": "#F46F63",
        "ids": [
            64,
            151,
            319
        ]
    },
    {
        "color": "#D4290E",
        "ids": [
            67,
            68,
            158,
            161,
            234,
            434,
            463
        ]
    },
    {
        "color": "#F7D1DB",
        "ids": [
            70,
            142,
            202,
            225,
            251,
            355,
            359,
            383,
            475
        ]
    },
    {
        "color": "#07004C",
        "ids": [
            73,
            206,
            238
        ]
    },
    {
        "color": "#FEB429",
        "ids": [
            81,
            123
        ]
    },
    {
        "color": "#D9405D",
        "ids": [
            82
        ]
    },
    {
        "color": "#F66401",
        "ids": [
            87,
            160,
            176,
            197,
            361
        ]
    },
    {
        "color": "#F0AB96",
        "ids": [
            88,
            137,
            153,
            237,
            299,
            450
        ]
    },
    {
        "color": "#FBB051",
        "ids": [
            89,
            168,
            321,
            337
        ]
    },
    {
        "color": "#580AC4",
        "ids": [
            95,
            119,
            273,
            368,
            465
        ]
    },
    {
        "color": "#4A0F4A",
        "ids": [
            99
        ]
    },
    {
        "color": "#190DA0",
        "ids": [
            100,
            456
        ]
    },
    {
        "color": "#9155BF",
        "ids": [
            104,
            374,
            412,
            470
        ]
    },
    {
        "color": "#E57F67",
        "ids": [
            105
        ]
    },
    {
        "color": "#E3D1ED",
        "ids": [
            106,
            122,
            194,
            228,
            247,
            255,
            293,
            330,
            340,
            363,
            420,
            422
        ]
    },
    {
        "color": "#F98375",
        "ids": [
            108,
            285,
            308
        ]
    },
    {
        "color": "#E89EEF",
        "ids": [
            109
        ]
    },
    {
        "color": "#2E0832",
        "ids": [
            115,
            316,
            322,
            380
        ]
    },
    {
        "color": "#7A51BA",
        "ids": [
            116,
            159,
            345
        ]
    },
    {
        "color": "#540036",
        "ids": [
            120
        ]
    },
    {
        "color": "#800706",
        "ids": [
            128
        ]
    },
    {
        "color": "#C40A02",
        "ids": [
            129,
            315,
            389
        ]
    },
    {
        "color": "#651A70",
        "ids": [
            136,
            279
        ]
    },
    {
        "color": "#593EB3",
        "ids": [
            138,
            416
        ]
    },
    {
        "color": "#EB94C0",
        "ids": [
            139,
            256,
            309
        ]
    },
    {
        "color": "#310254",
        "ids": [
            140,
            264,
            303,
            346,
            424
        ]
    },
    {
        "color": "#E9729E",
        "ids": [
            141,
            294,
            445
        ]
    },
    {
        "color": "#F65014",
        "ids": [
            143,
            146,
            226,
            348
        ]
    },
    {
        "color": "#0C0024",
        "ids": [
            144,
            438
        ]
    },
    {
        "color": "#E90C07",
        "ids": [
            147,
            397,
            409
        ]
    },
    {
        "color": "#83509F",
        "ids": [
            148
        ]
    },
    {
        "color": "#F77621",
        "ids": [
            149,
            173,
            262,
            358,
            371,
            402,
            442
        ]
    },
    {
        "color": "#D69E8A",
        "ids": [
            155,
            413
        ]
    },
    {
        "color": "#EF3A28",
        "ids": [
            156,
            364
        ]
    },
    {
        "color": "#E3ADDC",
        "ids": [
            157,
            430
        ]
    },
    {
        "color": "#C33B25",
        "ids": [
            166,
            462
        ]
    },
    {
        "color": "#958DE2",
        "ids": [
            169,
            341
        ]
    },
    {
        "color": "#2E17C2",
        "ids": [
            174,
            427
        ]
    },
    {
        "color": "#B82640",
        "ids": [
            175,
            466
        ]
    },
    {
        "color": "#BBA0CD",
        "ids": [
            180
        ]
    },
    {
        "color": "#7E32AB",
        "ids": [
            182,
            436
        ]
    },
    {
        "color": "#48119B",
        "ids": [
            183,
            215,
            415
        ]
    },
    {
        "color": "#780A6A",
        "ids": [
            184
        ]
    },
    {
        "color": "#BB3D41",
        "ids": [
            185
        ]
    },
    {
        "color": "#4B1FA9",
        "ids": [
            186,
            200,
            296,
            305,
            464
        ]
    },
    {
        "color": "#632CCD",
        "ids": [
            188,
            283,
            311
        ]
    },
    {
        "color": "#AD2E10",
        "ids": [
            189,
            231
        ]
    },
    {
        "color": "#6F0A15",
        "ids": [
            190
        ]
    },
    {
        "color": "#1B0041",
        "ids": [
            195
        ]
    },
    {
        "color": "#AC1735",
        "ids": [
            199
        ]
    },
    {
        "color": "#540F76",
        "ids": [
            203
        ]
    },
    {
        "color": "#F8CD7D",
        "ids": [
            205
        ]
    },
    {
        "color": "#DDA3AB",
        "ids": [
            210,
            386
        ]
    },
    {
        "color": "#DC4B74",
        "ids": [
            211,
            354
        ]
    },
    {
        "color": "#FBC4FB",
        "ids": [
            216,
            381
        ]
    },
    {
        "color": "#6E43D7",
        "ids": [
            217,
            243
        ]
    },
    {
        "color": "#C74580",
        "ids": [
            218,
            338
        ]
    },
    {
        "color": "#CDC8EC",
        "ids": [
            229,
            286,
            295,
            408
        ]
    },
    {
        "color": "#F49C7D",
        "ids": [
            232,
            267
        ]
    },
    {
        "color": "#871317",
        "ids": [
            235
        ]
    },
    {
        "color": "#EC978F",
        "ids": [
            236,
            254,
            432
        ]
    },
    {
        "color": "#9B4CDB",
        "ids": [
            240,
            284
        ]
    },
    {
        "color": "#F9E6FE",
        "ids": [
            241
        ]
    },
    {
        "color": "#DDC5C2",
        "ids": [
            245,
            280,
            479
        ]
    },
    {
        "color": "#6E3599",
        "ids": [
            246
        ]
    },
    {
        "color": "#7863EB",
        "ids": [
            248
        ]
    },
    {
        "color": "#8B5CEE",
        "ids": [
            250
        ]
    },
    {
        "color": "#F7F4E3",
        "ids": [
            258,
            343,
            398
        ]
    },
    {
        "color": "#A264B6",
        "ids": [
            260
        ]
    },
    {
        "color": "#6B2B36",
        "ids": [
            261
        ]
    },
    {
        "color": "#F88D3B",
        "ids": [
            263
        ]
    },
    {
        "color": "#F9E5C3",
        "ids": [
            266,
            326,
            472
        ]
    },
    {
        "color": "#9471DF",
        "ids": [
            270,
            379
        ]
    },
    {
        "color": "#E3121E",
        "ids": [
            271
        ]
    },
    {
        "color": "#7118D5",
        "ids": [
            275
        ]
    },
    {
        "color": "#74446B",
        "ids": [
            282
        ]
    },
    {
        "color": "#A0266F",
        "ids": [
            289,
            329,
            473
        ]
    },
    {
        "color": "#AD57A9",
        "ids": [
            290
        ]
    },
    {
        "color": "#F52E15",
        "ids": [
            291,
            336
        ]
    },
    {
        "color": "#481DBD",
        "ids": [
            297
        ]
    },
    {
        "color": "#E7D365",
        "ids": [
            298
        ]
    },
    {
        "color": "#2D0A6A",
        "ids": [
            301
        ]
    },
    {
        "color": "#A958E3",
        "ids": [
            302
        ]
    },
    {
        "color": "#FBD89D",
        "ids": [
            318
        ]
    },
    {
        "color": "#410775",
        "ids": [
            325
        ]
    },
    {
        "color": "#CF7C57",
        "ids": [
            327
        ]
    },
    {
        "color": "#DB6C77",
        "ids": [
            331,
            449
        ]
    },
    {
        "color": "#D07ADE",
        "ids": [
            333,
            440
        ]
    },
    {
        "color": "#B07CC5",
        "ids": [
            334
        ]
    },
    {
        "color": "#BE83B5",
        "ids": [
            339
        ]
    },
    {
        "color": "#831C59",
        "ids": [
            342,
            476
        ]
    },
    {
        "color": "#573099",
        "ids": [
            344,
            405
        ]
    },
    {
        "color": "#F395A4",
        "ids": [
            347,
            366,
            468
        ]
    },
    {
        "color": "#DCA473",
        "ids": [
            349
        ]
    },
    {
        "color": "#4B36BF",
        "ids": [
            350
        ]
    },
    {
        "color": "#C99A9C",
        "ids": [
            353
        ]
    },
    {
        "color": "#CFB2E5",
        "ids": [
            357,
            390
        ]
    },
    {
        "color": "#BCB3EC",
        "ids": [
            360
        ]
    },
    {
        "color": "#F35D74",
        "ids": [
            373
        ]
    },
    {
        "color": "#882D4B",
        "ids": [
            378
        ]
    },
    {
        "color": "#B97DF6",
        "ids": [
            388
        ]
    },
    {
        "color": "#C94D46",
        "ids": [
            391
        ]
    },
    {
        "color": "#D784BF",
        "ids": [
            396
        ]
    },
    {
        "color": "#B667B6",
        "ids": [
            399
        ]
    },
    {
        "color": "#5E0BB0",
        "ids": [
            403
        ]
    },
    {
        "color": "#643175",
        "ids": [
            407
        ]
    },
    {
        "color": "#D47340",
        "ids": [
            426
        ]
    },
    {
        "color": "#510760",
        "ids": [
            428
        ]
    },
    {
        "color": "#F8B5A6",
        "ids": [
            431
        ]
    },
    {
        "color": "#FEB96A",
        "ids": [
            441
        ]
    },
    {
        "color": "#EA6A17",
        "ids": [
            443
        ]
    },
    {
        "color": "#D886A1",
        "ids": [
            451
        ]
    },
    {
        "color": "#CF4A00",
        "ids": [
            454
        ]
    },
    {
        "color": "#7A1AA1",
        "ids": [
            455
        ]
    },
    {
        "color": "#F8B8E0",
        "ids": [
            458
        ]
    },
    {
        "color": "#EB7431",
        "ids": [
            459
        ]
    },
    {
        "color": "#32298B",
        "ids": [
            474
        ]
    },
    {
        "color": "#E167D9",
        "ids": [
            480
        ]
    }
]