[
    {
        "color": "#F3F7FA",
        "ids": [
            1,
            6,
            8,
            32,
            40,
            58
        ]
    },
    {
        "color": "#0C121B",
        "ids": [
            2,
            12,
            13,
            15,
            18,
            22,
            25,
            41,
            51,
            106,
            128,
            130
        ]
    },
    {
        "color": "#F25013",
        "ids": [
            3,
            4,
            21,
            23,
            38,
            43,
            54,
            56,
            93,
            103,
            124
        ]
    },
    {
        "color": "#F7D9C1",
        "ids": [
            5,
            9,
            10,
            11,
            26,
            27,
            81,
            84,
            101,
            113,
            115,
            132,
            135
        ]
    },
    {
        "color": "#1D4D8D",
        "ids": [
            7
        ]
    },
    {
        "color": "#FBEADF",
        "ids": [
            14,
            19,
            117,
            136
        ]
    },
    {
        "color": "#101C2F",
        "ids": [
            16,
            86,
            112
        ]
    },
    {
        "color": "#D35336",
        "ids": [
            17,
            72,
            94,
            141
        ]
    },
    {
        "color": "#6F2304",
        "ids": [
            20,
            50,
            77,
            121,
            142
        ]
    },
    {
        "color": "#FAA785",
        "ids": [
            24,
            28
        ]
    },
    {
        "color": "#F45B26",
        "ids": [
            29,
            31,
            48,
            67,
            69,
            105
        ]
    },
    {
        "color": "#E83E11",
        "ids": [
            30,
            57,
            59,
            66,
            87,
            90,
            126,
            138
        ]
    },
    {
        "color": "#DBEDF2",
        "ids": [
            33,
            35,
            44,
            65
        ]
    },
    {
        "color": "#EEC4A5",
        "ids": [
            34,
            46,
            47,
            73,
            98,
            111
        ]
    },
    {
        "color": "#DA7952",
        "ids": [
            36,
            63,
            92,
            107
        ]
    },
    {
        "color": "#E0B89D",
        "ids": [
            37,
            76,
            99
        ]
    },
    {
        "color": "#21365A",
        "ids": [
            39,
            53,
            144
        ]
    },
    {
        "color": "#D63D02",
        "ids": [
            42,
            82,
            96,
            104,
            108,
            110,
            120
        ]
    },
    {
        "color": "#F77D35",
        "ids": [
            45,
            49,
            127
        ]
    },
    {
        "color": "#BEAA95",
        "ids": [
            52,
            55
        ]
    },
    {
        "color": "#DA501B",
        "ids": [
            60
        ]
    },
    {
        "color": "#304540",
        "ids": [
            61
        ]
    },
    {
        "color": "#AF5C48",
        "ids": [
            62,
            88
        ]
    },
    {
        "color": "#A0B3B5",
        "ids": [
            64
        ]
    },
    {
        "color": "#D4C8BC",
        "ids": [
            68,
            123
        ]
    },
    {
        "color": "#D1D2DC",
        "ids": [
            70,
            74,
            75,
            102,
            114,
            118,
            125,
            143
        ]
    },
    {
        "color": "#2D180E",
        "ids": [
            71,
            91,
            109
        ]
    },
    {
        "color": "#DC0C06",
        "ids": [
            78
        ]
    },
    {
        "color": "#3A1D24",
        "ids": [
            79
        ]
    },
    {
        "color": "#C62B04",
        "ids": [
            80,
            83,
            97
        ]
    },
    {
        "color": "#9E3102",
        "ids": [
            85
        ]
    },
    {
        "color": "#B5260F",
        "ids": [
            89
        ]
    },
    {
        "color": "#862416",
        "ids": [
            95,
            131
        ]
    },
    {
        "color": "#E96414",
        "ids": [
            100
        ]
    },
    {
        "color": "#DBA880",
        "ids": [
            116
        ]
    },
    {
        "color": "#DB280A",
        "ids": [
            119,
            134
        ]
    },
    {
        "color": "#CF8B76",
        "ids": [
            122
        ]
    },
    {
        "color": "#284A5C",
        "ids": [
            129
        ]
    },
    {
        "color": "#A14D2C",
        "ids": [
            133
        ]
    },
    {
        "color": "#91ADC3",
        "ids": [
            137
        ]
    },
    {
        "color": "#F74103",
        "ids": [
            139
        ]
    },
    {
        "color": "#FAD4AD",
        "ids": [
            140
        ]
    }
]