[
    {
        "color": "#F6F6F7",
        "ids": [
            1,
            9,
            14,
            18,
            26,
            27,
            30,
            59,
            77
        ]
    },
    {
        "color": "#303C81",
        "ids": [
            2,
            46,
            48,
            81,
            87
        ]
    },
    {
        "color": "#EC5961",
        "ids": [
            3,
            4,
            7,
            13,
            56,
            86
        ]
    },
    {
        "color": "#F7CDCA",
        "ids": [
            5,
            8,
            10,
            11,
            12,
            16,
            24,
            34,
            37,
            38,
            55,
            79
        ]
    },
    {
        "color": "#F6BAC1",
        "ids": [
            6,
            35,
            39,
            80
        ]
    },
    {
        "color": "#F3B0AC",
        "ids": [
            15,
            44,
            62,
            73
        ]
    },
    {
        "color": "#FADADE",
        "ids": [
            17,
            40,
            63,
            64,
            66,
            68
        ]
    },
    {
        "color": "#EA807E",
        "ids": [
            19,
            25
        ]
    },
    {
        "color": "#20488E",
        "ids": [
            20
        ]
    },
    {
        "color": "#D43636",
        "ids": [
            21,
            29,
            32,
            82,
            89
        ]
    },
    {
        "color": "#B0A7D2",
        "ids": [
            22
        ]
    },
    {
        "color": "#262D62",
        "ids": [
            23,
            67,
            84
        ]
    },
    {
        "color": "#E84559",
        "ids": [
            28,
            83,
            85
        ]
    },
    {
        "color": "#D4CFDF",
        "ids": [
            31,
            51,
            70,
            78
        ]
    },
    {
        "color": "#CD4964",
        "ids": [
            33
        ]
    },
    {
        "color": "#E4E5EF",
        "ids": [
            36
        ]
    },
    {
        "color": "#62628D",
        "ids": [
            41
        ]
    },
    {
        "color": "#C57674",
        "ids": [
            42,
            61
        ]
    },
    {
        "color": "#CB2859",
        "ids": [
            43,
            60
        ]
    },
    {
        "color": "#CF3B73",
        "ids": [
            45
        ]
    },
    {
        "color": "#C42E23",
        "ids": [
            47
        ]
    },
    {
        "color": "#ED3641",
        "ids": [
            49,
            50,
            72,
            74
        ]
    },
    {
        "color": "#423766",
        "ids": [
            52
        ]
    },
    {
        "color": "#F46C62",
        "ids": [
            53,
            57
        ]
    },
    {
        "color": "#B3365C",
        "ids": [
            54
        ]
    },
    {
        "color": "#C23B4E",
        "ids": [
            58
        ]
    },
    {
        "color": "#957BA3",
        "ids": [
            65
        ]
    },
    {
        "color": "#3B4294",
        "ids": [
            69
        ]
    },
    {
        "color": "#AB383E",
        "ids": [
            71
        ]
    },
    {
        "color": "#1E2047",
        "ids": [
            75
        ]
    },
    {
        "color": "#F9DBB1",
        "ids": [
            76
        ]
    },
    {
        "color": "#5C5FA7",
        "ids": [
            88
        ]
    },
    {
        "color": "#A03353",
        "ids": [
            90
        ]
    }
]