[
    {
        "color": "#EEF0F2",
        "ids": [
            1,
            4,
            7,
            18,
            32,
            42,
            46,
            50,
            57,
            58,
            59,
            63,
            67,
            123,
            128,
            174,
            189,
            359,
            374,
            376,
            437
        ]
    },
    {
        "color": "#697DCB",
        "ids": [
            2,
            14,
            17,
            30,
            71,
            77,
            143,
            154,
            297,
            337,
            425
        ]
    },
    {
        "color": "#8139C4",
        "ids": [
            3,
            37,
            64,
            70,
            81,
            88,
            131,
            149,
            383
        ]
    },
    {
        "color": "#0D0B51",
        "ids": [
            5,
            24,
            28,
            47,
            60,
            75,
            76,
            79,
            87,
            96,
            97,
            105,
            113,
            118,
            127,
            129,
            141,
            146,
            191,
            193,
            207,
            211,
            215,
            249,
            257,
            267,
            268,
            269,
            301,
            307,
            343,
            353,
            371,
            407,
            440,
            442
        ]
    },
    {
        "color": "#EF6A2B",
        "ids": [
            6,
            16,
            31,
            61,
            125,
            283,
            313,
            338,
            400,
            417,
            423
        ]
    },
    {
        "color": "#2C1980",
        "ids": [
            8,
            10,
            35,
            45,
            62,
            84,
            116,
            158,
            163,
            173,
            187,
            195,
            214,
            221,
            230,
            242,
            248,
            266,
            275,
            278,
            293,
            298,
            305,
            309,
            355,
            390
        ]
    },
    {
        "color": "#2D1A96",
        "ids": [
            9,
            12,
            15,
            52,
            66,
            98,
            210,
            264,
            287,
            329,
            364,
            412
        ]
    },
    {
        "color": "#F67C38",
        "ids": [
            11,
            13,
            23,
            26,
            48,
            56,
            109
        ]
    },
    {
        "color": "#090935",
        "ids": [
            19,
            73,
            139,
            156,
            165,
            234,
            272,
            290,
            326,
            406
        ]
    },
    {
        "color": "#F6A9B1",
        "ids": [
            20,
            22,
            27,
            29,
            34,
            126,
            160,
            180,
            219,
            252,
            255,
            387,
            396
        ]
    },
    {
        "color": "#7928BC",
        "ids": [
            21
        ]
    },
    {
        "color": "#0C0B67",
        "ids": [
            25,
            40,
            55,
            89,
            121,
            153,
            157,
            170,
            182,
            209,
            218,
            258,
            320,
            349,
            351,
            398,
            409,
            424,
            426,
            430,
            432
        ]
    },
    {
        "color": "#572899",
        "ids": [
            33,
            49,
            94,
            103,
            197,
            216,
            282,
            323
        ]
    },
    {
        "color": "#6F26D4",
        "ids": [
            36,
            41
        ]
    },
    {
        "color": "#ED7550",
        "ids": [
            38,
            107,
            312,
            333
        ]
    },
    {
        "color": "#EF2839",
        "ids": [
            39
        ]
    },
    {
        "color": "#7689D9",
        "ids": [
            43,
            54,
            120,
            175,
            414,
            444
        ]
    },
    {
        "color": "#160F7A",
        "ids": [
            44,
            140,
            199,
            208,
            281,
            367,
            375,
            408,
            418
        ]
    },
    {
        "color": "#433995",
        "ids": [
            51,
            82,
            95,
            108,
            201,
            236,
            295,
            311,
            332,
            369,
            384
        ]
    },
    {
        "color": "#673CC1",
        "ids": [
            53,
            104,
            228,
            240,
            262,
            300,
            392,
            403
        ]
    },
    {
        "color": "#DB7165",
        "ids": [
            65,
            132
        ]
    },
    {
        "color": "#7839AE",
        "ids": [
            68,
            162,
            177
        ]
    },
    {
        "color": "#201067",
        "ids": [
            69,
            135,
            137,
            250,
            308,
            322,
            350,
            399
        ]
    },
    {
        "color": "#4B1CB9",
        "ids": [
            72,
            148,
            370,
            378
        ]
    },
    {
        "color": "#22288B",
        "ids": [
            74,
            310,
            321
        ]
    },
    {
        "color": "#F5D9E3",
        "ids": [
            78,
            292,
            354
        ]
    },
    {
        "color": "#3B2672",
        "ids": [
            80,
            90,
            304,
            438
        ]
    },
    {
        "color": "#924AD9",
        "ids": [
            83,
            179,
            212,
            213,
            243
        ]
    },
    {
        "color": "#B06DF1",
        "ids": [
            85,
            150,
            318,
            335
        ]
    },
    {
        "color": "#796BBF",
        "ids": [
            86,
            168,
            172,
            263
        ]
    },
    {
        "color": "#ACB9D0",
        "ids": [
            91,
            277
        ]
    },
    {
        "color": "#CE5999",
        "ids": [
            92
        ]
    },
    {
        "color": "#EC94A4",
        "ids": [
            93,
            119,
            382,
            441
        ]
    },
    {
        "color": "#D7492B",
        "ids": [
            99,
            147,
            159,
            239,
            261,
            327
        ]
    },
    {
        "color": "#A361CE",
        "ids": [
            100,
            200,
            331
        ]
    },
    {
        "color": "#DED6F1",
        "ids": [
            101,
            133,
            161,
            169,
            229,
            241,
            254,
            280,
            291,
            325,
            336,
            342,
            368
        ]
    },
    {
        "color": "#F2471F",
        "ids": [
            102,
            114,
            122,
            134,
            167,
            183
        ]
    },
    {
        "color": "#C63011",
        "ids": [
            106
        ]
    },
    {
        "color": "#DC6742",
        "ids": [
            110,
            130,
            151,
            352
        ]
    },
    {
        "color": "#A098D6",
        "ids": [
            111,
            429
        ]
    },
    {
        "color": "#3C12A2",
        "ids": [
            112,
            205,
            220
        ]
    },
    {
        "color": "#BE1F2B",
        "ids": [
            115,
            271
        ]
    },
    {
        "color": "#5E5CB0",
        "ids": [
            117,
            314,
            365
        ]
    },
    {
        "color": "#2D2563",
        "ids": [
            124,
            357
        ]
    },
    {
        "color": "#F75E3C",
        "ids": [
            136
        ]
    },
    {
        "color": "#C04128",
        "ids": [
            138
        ]
    },
    {
        "color": "#E1A8A8",
        "ids": [
            142
        ]
    },
    {
        "color": "#E6697F",
        "ids": [
            144,
            176,
            362,
            388
        ]
    },
    {
        "color": "#C4C4EA",
        "ids": [
            145,
            178,
            196,
            224,
            247,
            324,
            380
        ]
    },
    {
        "color": "#3B54B5",
        "ids": [
            152
        ]
    },
    {
        "color": "#9871E2",
        "ids": [
            155,
            303
        ]
    },
    {
        "color": "#4D31C0",
        "ids": [
            164,
            217,
            273,
            391
        ]
    },
    {
        "color": "#8279CB",
        "ids": [
            166,
            260
        ]
    },
    {
        "color": "#8757CE",
        "ids": [
            171,
            373
        ]
    },
    {
        "color": "#1F144F",
        "ids": [
            181
        ]
    },
    {
        "color": "#C065E4",
        "ids": [
            184,
            232
        ]
    },
    {
        "color": "#4F3844",
        "ids": [
            185
        ]
    },
    {
        "color": "#B7AAE1",
        "ids": [
            186,
            226,
            256,
            319
        ]
    },
    {
        "color": "#A3372B",
        "ids": [
            188,
            341
        ]
    },
    {
        "color": "#CF1D11",
        "ids": [
            190
        ]
    },
    {
        "color": "#F1C1B2",
        "ids": [
            192,
            386,
            420
        ]
    },
    {
        "color": "#C483F0",
        "ids": [
            194
        ]
    },
    {
        "color": "#793552",
        "ids": [
            198,
            379
        ]
    },
    {
        "color": "#BF3E62",
        "ids": [
            202,
            372
        ]
    },
    {
        "color": "#190A90",
        "ids": [
            203
        ]
    },
    {
        "color": "#F98787",
        "ids": [
            204,
            434
        ]
    },
    {
        "color": "#A62F86",
        "ids": [
            206,
            344
        ]
    },
    {
        "color": "#50427C",
        "ids": [
            222,
            358
        ]
    },
    {
        "color": "#D6BDD3",
        "ids": [
            223,
            231,
            328,
            422
        ]
    },
    {
        "color": "#513EA5",
        "ids": [
            225,
            294,
            317,
            347,
            360,
            402
        ]
    },
    {
        "color": "#6925AA",
        "ids": [
            227
        ]
    },
    {
        "color": "#B77C93",
        "ids": [
            233
        ]
    },
    {
        "color": "#6E3FDD",
        "ids": [
            235
        ]
    },
    {
        "color": "#BD5632",
        "ids": [
            237,
            279
        ]
    },
    {
        "color": "#E69CC0",
        "ids": [
            238,
            274,
            345
        ]
    },
    {
        "color": "#3D2CAA",
        "ids": [
            244,
            363,
            410
        ]
    },
    {
        "color": "#ED536A",
        "ids": [
            245,
            404
        ]
    },
    {
        "color": "#28103A",
        "ids": [
            246,
            302
        ]
    },
    {
        "color": "#CAB0E6",
        "ids": [
            251
        ]
    },
    {
        "color": "#E3865B",
        "ids": [
            253,
            296,
            389
        ]
    },
    {
        "color": "#F35853",
        "ids": [
            259
        ]
    },
    {
        "color": "#A35AF3",
        "ids": [
            265
        ]
    },
    {
        "color": "#5C5DC6",
        "ids": [
            270,
            284,
            288,
            346,
            395,
            427
        ]
    },
    {
        "color": "#E7BDEF",
        "ids": [
            276,
            339,
            401
        ]
    },
    {
        "color": "#C892AB",
        "ids": [
            285
        ]
    },
    {
        "color": "#F5C8C8",
        "ids": [
            286,
            315,
            340,
            411
        ]
    },
    {
        "color": "#24319E",
        "ids": [
            289
        ]
    },
    {
        "color": "#8099ED",
        "ids": [
            299,
            413
        ]
    },
    {
        "color": "#AD7259",
        "ids": [
            306
        ]
    },
    {
        "color": "#FA9973",
        "ids": [
            316
        ]
    },
    {
        "color": "#7769AB",
        "ids": [
            330
        ]
    },
    {
        "color": "#F782A0",
        "ids": [
            334
        ]
    },
    {
        "color": "#2313BD",
        "ids": [
            348
        ]
    },
    {
        "color": "#68359D",
        "ids": [
            356
        ]
    },
    {
        "color": "#A470BE",
        "ids": [
            361
        ]
    },
    {
        "color": "#A0519E",
        "ids": [
            366,
            405
        ]
    },
    {
        "color": "#BA43A8",
        "ids": [
            377
        ]
    },
    {
        "color": "#4A5098",
        "ids": [
            381
        ]
    },
    {
        "color": "#E84943",
        "ids": [
            385
        ]
    },
    {
        "color": "#6187DD",
        "ids": [
            393
        ]
    },
    {
        "color": "#462C83",
        "ids": [
            394
        ]
    },
    {
        "color": "#4650C9",
        "ids": [
            397
        ]
    },
    {
        "color": "#5F2C30",
        "ids": [
            415
        ]
    },
    {
        "color": "#F3787A",
        "ids": [
            416
        ]
    },
    {
        "color": "#742F8E",
        "ids": [
            419
        ]
    },
    {
        "color": "#4F71C8",
        "ids": [
            421
        ]
    },
    {
        "color": "#D58EFB",
        "ids": [
            428
        ]
    },
    {
        "color": "#DB3535",
        "ids": [
            431
        ]
    },
    {
        "color": "#AA7BDD",
        "ids": [
            433
        ]
    },
    {
        "color": "#C2743D",
        "ids": [
            435
        ]
    },
    {
        "color": "#A6A6ED",
        "ids": [
            436,
            439
        ]
    },
    {
        "color": "#F2D7BA",
        "ids": [
            443
        ]
    }
]