[
    {
        "color": "#F8F7F8",
        "ids": [
            1,
            13,
            20,
            27,
            29,
            34,
            38,
            40,
            44,
            70,
            73,
            78
        ]
    },
    {
        "color": "#111316",
        "ids": [
            2,
            11,
            12,
            21,
            32,
            35,
            54,
            75,
            80,
            84,
            94
        ]
    },
    {
        "color": "#C4D2E6",
        "ids": [
            3,
            31,
            48,
            67
        ]
    },
    {
        "color": "#FAD9C0",
        "ids": [
            4,
            5,
            8,
            102
        ]
    },
    {
        "color": "#212937",
        "ids": [
            6,
            10,
            18,
            24,
            52,
            71,
            87,
            89,
            101,
            103
        ]
    },
    {
        "color": "#7277C3",
        "ids": [
            7,
            43,
            65
        ]
    },
    {
        "color": "#EC973D",
        "ids": [
            9,
            14,
            16,
            26,
            41,
            45,
            47,
            49,
            82,
            92
        ]
    },
    {
        "color": "#3F485A",
        "ids": [
            15,
            97
        ]
    },
    {
        "color": "#E18925",
        "ids": [
            17,
            19,
            28,
            68
        ]
    },
    {
        "color": "#D95E36",
        "ids": [
            22
        ]
    },
    {
        "color": "#F59F76",
        "ids": [
            23,
            25
        ]
    },
    {
        "color": "#5F70B8",
        "ids": [
            30
        ]
    },
    {
        "color": "#E38363",
        "ids": [
            33,
            36
        ]
    },
    {
        "color": "#212020",
        "ids": [
            37,
            86
        ]
    },
    {
        "color": "#EEC9B0",
        "ids": [
            39
        ]
    },
    {
        "color": "#ABB9E3",
        "ids": [
            42,
            46,
            79
        ]
    },
    {
        "color": "#CACDD0",
        "ids": [
            50,
            51,
            56,
            64,
            81,
            85,
            104
        ]
    },
    {
        "color": "#EEEAE5",
        "ids": [
            53,
            59,
            74,
            77
        ]
    },
    {
        "color": "#C29478",
        "ids": [
            55
        ]
    },
    {
        "color": "#2B354B",
        "ids": [
            57,
            95,
            98
        ]
    },
    {
        "color": "#575EA2",
        "ids": [
            58,
            69
        ]
    },
    {
        "color": "#AD2C15",
        "ids": [
            60,
            83,
            100
        ]
    },
    {
        "color": "#ACACAB",
        "ids": [
            61,
            99
        ]
    },
    {
        "color": "#8E8E91",
        "ids": [
            62
        ]
    },
    {
        "color": "#99A4D9",
        "ids": [
            63
        ]
    },
    {
        "color": "#494E74",
        "ids": [
            66,
            93
        ]
    },
    {
        "color": "#9E472C",
        "ids": [
            72
        ]
    },
    {
        "color": "#BB4528",
        "ids": [
            76
        ]
    },
    {
        "color": "#8A91C3",
        "ids": [
            88
        ]
    },
    {
        "color": "#C85525",
        "ids": [
            90
        ]
    },
    {
        "color": "#E1754E",
        "ids": [
            91
        ]
    },
    {
        "color": "#BFBCB8",
        "ids": [
            96
        ]
    }
]