[
    {
        "color": "#F3F4F7",
        "ids": [
            1,
            12,
            14,
            23,
            29,
            32,
            33,
            41,
            61,
            70,
            76,
            79,
            80,
            102,
            106,
            127,
            173
        ]
    },
    {
        "color": "#F6873C",
        "ids": [
            2,
            15,
            19,
            46,
            86
        ]
    },
    {
        "color": "#1D1753",
        "ids": [
            3,
            6,
            8,
            9,
            25,
            28,
            36,
            37,
            38,
            40,
            51,
            53,
            54,
            56,
            57,
            62,
            68,
            77,
            81,
            88,
            93,
            96,
            97,
            98,
            126,
            132,
            134,
            138,
            146,
            162,
            182,
            183
        ]
    },
    {
        "color": "#F27033",
        "ids": [
            4,
            121
        ]
    },
    {
        "color": "#61489A",
        "ids": [
            5,
            44
        ]
    },
    {
        "color": "#F8D5D9",
        "ids": [
            7,
            10,
            11,
            17,
            20,
            26,
            27,
            31,
            35,
            71,
            103,
            169
        ]
    },
    {
        "color": "#EE5521",
        "ids": [
            13,
            78,
            91,
            114,
            131,
            156,
            164
        ]
    },
    {
        "color": "#E33316",
        "ids": [
            16,
            18,
            21,
            22,
            24,
            118
        ]
    },
    {
        "color": "#DA4A19",
        "ids": [
            30,
            174
        ]
    },
    {
        "color": "#C82318",
        "ids": [
            34,
            95
        ]
    },
    {
        "color": "#1C196D",
        "ids": [
            39,
            74,
            105,
            130,
            155
        ]
    },
    {
        "color": "#141341",
        "ids": [
            42,
            45,
            50,
            75,
            147,
            185
        ]
    },
    {
        "color": "#E24C35",
        "ids": [
            43,
            49,
            115,
            143
        ]
    },
    {
        "color": "#F0DEE9",
        "ids": [
            47,
            48,
            63,
            129
        ]
    },
    {
        "color": "#DDBDD2",
        "ids": [
            52,
            87,
            111,
            117,
            152,
            154
        ]
    },
    {
        "color": "#EDC5DF",
        "ids": [
            55
        ]
    },
    {
        "color": "#F27B87",
        "ids": [
            58,
            60
        ]
    },
    {
        "color": "#D6AACF",
        "ids": [
            59,
            122,
            135
        ]
    },
    {
        "color": "#382550",
        "ids": [
            64,
            92,
            108,
            168
        ]
    },
    {
        "color": "#433766",
        "ids": [
            65,
            104,
            112,
            124,
            157,
            181
        ]
    },
    {
        "color": "#D8604B",
        "ids": [
            66,
            142,
            160
        ]
    },
    {
        "color": "#DA612B",
        "ids": [
            67
        ]
    },
    {
        "color": "#D7D6EE",
        "ids": [
            69,
            107,
            139,
            141,
            172
        ]
    },
    {
        "color": "#E49053",
        "ids": [
            72,
            90,
            137
        ]
    },
    {
        "color": "#CC3E3F",
        "ids": [
            73,
            83,
            109
        ]
    },
    {
        "color": "#C53129",
        "ids": [
            82,
            85,
            116
        ]
    },
    {
        "color": "#AA1104",
        "ids": [
            84,
            161,
            167
        ]
    },
    {
        "color": "#2B2134",
        "ids": [
            89
        ]
    },
    {
        "color": "#C0B2D5",
        "ids": [
            94,
            100,
            159,
            163
        ]
    },
    {
        "color": "#F2400C",
        "ids": [
            99
        ]
    },
    {
        "color": "#342368",
        "ids": [
            101,
            113,
            150,
            166,
            184
        ]
    },
    {
        "color": "#9E9AC1",
        "ids": [
            110
        ]
    },
    {
        "color": "#DB92A1",
        "ids": [
            119,
            128
        ]
    },
    {
        "color": "#EA425C",
        "ids": [
            120
        ]
    },
    {
        "color": "#E57A40",
        "ids": [
            123,
            176
        ]
    },
    {
        "color": "#30317C",
        "ids": [
            125
        ]
    },
    {
        "color": "#F3C3BE",
        "ids": [
            133
        ]
    },
    {
        "color": "#54266B",
        "ids": [
            136
        ]
    },
    {
        "color": "#D1CFD9",
        "ids": [
            140,
            158
        ]
    },
    {
        "color": "#B684B2",
        "ids": [
            144,
            180
        ]
    },
    {
        "color": "#0C0752",
        "ids": [
            145
        ]
    },
    {
        "color": "#EC9CBE",
        "ids": [
            148
        ]
    },
    {
        "color": "#BA72A3",
        "ids": [
            149
        ]
    },
    {
        "color": "#F6A5AF",
        "ids": [
            151,
            175
        ]
    },
    {
        "color": "#5D2522",
        "ids": [
            153
        ]
    },
    {
        "color": "#BAA7AD",
        "ids": [
            165
        ]
    },
    {
        "color": "#4C2F3D",
        "ids": [
            170
        ]
    },
    {
        "color": "#CA9EC1",
        "ids": [
            171
        ]
    },
    {
        "color": "#F19E92",
        "ids": [
            177
        ]
    },
    {
        "color": "#A277A5",
        "ids": [
            178
        ]
    },
    {
        "color": "#BE5935",
        "ids": [
            179
        ]
    }
]