[
    {
        "color": "#F9F9FB",
        "ids": [
            1,
            2,
            16,
            40,
            41,
            45,
            57,
            67,
            68,
            69,
            71,
            75,
            81,
            90,
            94,
            100,
            107,
            109,
            112,
            114,
            119,
            126,
            138,
            157,
            159,
            180,
            194,
            217,
            230,
            241,
            291
        ]
    },
    {
        "color": "#242C73",
        "ids": [
            3,
            13,
            17,
            28,
            34,
            37,
            56,
            58,
            61,
            65,
            70,
            85,
            115,
            146,
            150,
            152,
            156,
            161,
            172,
            199,
            215,
            229,
            234,
            238,
            239,
            247,
            249,
            266,
            282,
            314,
            317,
            325,
            336,
            337,
            347,
            363,
            372
        ]
    },
    {
        "color": "#FC9052",
        "ids": [
            4,
            8,
            9,
            20,
            116,
            145,
            208,
            210,
            252,
            271,
            302,
            332,
            340,
            351,
            361
        ]
    },
    {
        "color": "#D5E1EC",
        "ids": [
            5,
            22,
            29,
            32,
            47,
            113,
            136,
            139,
            158,
            170,
            237,
            269,
            274,
            304,
            334,
            345,
            350
        ]
    },
    {
        "color": "#F49F70",
        "ids": [
            6,
            62,
            131,
            151,
            188,
            293,
            315,
            343
        ]
    },
    {
        "color": "#4537A9",
        "ids": [
            7,
            38,
            44,
            53,
            133,
            178,
            235,
            244,
            248,
            275,
            283
        ]
    },
    {
        "color": "#5A5FD7",
        "ids": [
            10,
            206,
            366
        ]
    },
    {
        "color": "#F67842",
        "ids": [
            11,
            14,
            24,
            52,
            60,
            66,
            98,
            127,
            154,
            169,
            187,
            201,
            228,
            261,
            268,
            286,
            321,
            359,
            362,
            370,
            374
        ]
    },
    {
        "color": "#9667EA",
        "ids": [
            12,
            35,
            55,
            124
        ]
    },
    {
        "color": "#F94B44",
        "ids": [
            15,
            39,
            50,
            51,
            54,
            63,
            99,
            111,
            310
        ]
    },
    {
        "color": "#7E81ED",
        "ids": [
            18,
            122
        ]
    },
    {
        "color": "#302F8D",
        "ids": [
            19,
            64,
            77,
            198,
            250,
            256,
            265,
            267,
            290,
            305,
            318,
            322,
            330,
            353,
            355,
            365
        ]
    },
    {
        "color": "#F2BCB5",
        "ids": [
            21,
            25,
            26,
            36,
            48,
            73,
            101,
            153,
            193,
            211,
            298,
            316
        ]
    },
    {
        "color": "#4B44BA",
        "ids": [
            23,
            33,
            259,
            262,
            287,
            358
        ]
    },
    {
        "color": "#C0BBF4",
        "ids": [
            27,
            42,
            43
        ]
    },
    {
        "color": "#172065",
        "ids": [
            30,
            49,
            80,
            83,
            84,
            91,
            105,
            141,
            174,
            176,
            184,
            245,
            251,
            276,
            307
        ]
    },
    {
        "color": "#77BCE3",
        "ids": [
            31,
            59,
            72,
            74,
            88,
            92,
            95,
            149,
            168,
            226
        ]
    },
    {
        "color": "#A8CBD6",
        "ids": [
            46,
            89,
            97
        ]
    },
    {
        "color": "#92C1DC",
        "ids": [
            76,
            110,
            130
        ]
    },
    {
        "color": "#89A6D4",
        "ids": [
            78,
            203,
            257,
            319,
            348
        ]
    },
    {
        "color": "#4248CE",
        "ids": [
            79,
            86
        ]
    },
    {
        "color": "#874772",
        "ids": [
            82
        ]
    },
    {
        "color": "#F0A09B",
        "ids": [
            87,
            190,
            225,
            285,
            303,
            331
        ]
    },
    {
        "color": "#332160",
        "ids": [
            93,
            218,
            273
        ]
    },
    {
        "color": "#EB422C",
        "ids": [
            96,
            137,
            233,
            364
        ]
    },
    {
        "color": "#AE849B",
        "ids": [
            102,
            143
        ]
    },
    {
        "color": "#070F27",
        "ids": [
            103
        ]
    },
    {
        "color": "#EE655F",
        "ids": [
            104,
            221
        ]
    },
    {
        "color": "#415BC5",
        "ids": [
            106,
            309
        ]
    },
    {
        "color": "#434F9C",
        "ids": [
            108,
            240
        ]
    },
    {
        "color": "#ED3117",
        "ids": [
            117,
            173,
            279
        ]
    },
    {
        "color": "#8047CC",
        "ids": [
            118
        ]
    },
    {
        "color": "#4175BB",
        "ids": [
            120
        ]
    },
    {
        "color": "#E68C61",
        "ids": [
            121
        ]
    },
    {
        "color": "#9C2012",
        "ids": [
            123,
            160,
            205,
            213,
            357
        ]
    },
    {
        "color": "#5596C6",
        "ids": [
            125,
            292
        ]
    },
    {
        "color": "#24279D",
        "ids": [
            128
        ]
    },
    {
        "color": "#B33038",
        "ids": [
            129,
            254,
            306
        ]
    },
    {
        "color": "#E8E7EA",
        "ids": [
            132,
            186,
            196,
            200,
            202,
            212,
            214,
            253,
            281,
            295,
            297,
            368
        ]
    },
    {
        "color": "#A8AFBA",
        "ids": [
            134,
            179
        ]
    },
    {
        "color": "#5760A1",
        "ids": [
            135
        ]
    },
    {
        "color": "#76698A",
        "ids": [
            140
        ]
    },
    {
        "color": "#6AA6D2",
        "ids": [
            142
        ]
    },
    {
        "color": "#C7ADB9",
        "ids": [
            144,
            300
        ]
    },
    {
        "color": "#785CCA",
        "ids": [
            147,
            288
        ]
    },
    {
        "color": "#1A2286",
        "ids": [
            148,
            222,
            232,
            323,
            324,
            356
        ]
    },
    {
        "color": "#C4B4D6",
        "ids": [
            155,
            289
        ]
    },
    {
        "color": "#EAE0D1",
        "ids": [
            162,
            204,
            255,
            280
        ]
    },
    {
        "color": "#93202F",
        "ids": [
            163
        ]
    },
    {
        "color": "#D97059",
        "ids": [
            164,
            209
        ]
    },
    {
        "color": "#8C96E0",
        "ids": [
            165
        ]
    },
    {
        "color": "#CE514B",
        "ids": [
            166,
            236
        ]
    },
    {
        "color": "#1A1251",
        "ids": [
            167,
            333,
            354
        ]
    },
    {
        "color": "#E22108",
        "ids": [
            171
        ]
    },
    {
        "color": "#5561C2",
        "ids": [
            175,
            197,
            349
        ]
    },
    {
        "color": "#0F3488",
        "ids": [
            177
        ]
    },
    {
        "color": "#FEC596",
        "ids": [
            181,
            264,
            277
        ]
    },
    {
        "color": "#3B4BAF",
        "ids": [
            182
        ]
    },
    {
        "color": "#EE8D88",
        "ids": [
            183
        ]
    },
    {
        "color": "#7C69DD",
        "ids": [
            185
        ]
    },
    {
        "color": "#F96627",
        "ids": [
            189,
            294,
            339
        ]
    },
    {
        "color": "#7F2218",
        "ids": [
            191
        ]
    },
    {
        "color": "#B296D1",
        "ids": [
            192
        ]
    },
    {
        "color": "#939DB7",
        "ids": [
            195,
            284
        ]
    },
    {
        "color": "#FCF2E8",
        "ids": [
            207,
            216
        ]
    },
    {
        "color": "#D96845",
        "ids": [
            219
        ]
    },
    {
        "color": "#FDB0A3",
        "ids": [
            220
        ]
    },
    {
        "color": "#BA91B2",
        "ids": [
            223
        ]
    },
    {
        "color": "#FDB270",
        "ids": [
            224
        ]
    },
    {
        "color": "#FD674C",
        "ids": [
            227,
            272
        ]
    },
    {
        "color": "#DBB5D1",
        "ids": [
            231
        ]
    },
    {
        "color": "#543F9D",
        "ids": [
            242
        ]
    },
    {
        "color": "#6C60BA",
        "ids": [
            243
        ]
    },
    {
        "color": "#C12D21",
        "ids": [
            246,
            312
        ]
    },
    {
        "color": "#3D90BE",
        "ids": [
            258
        ]
    },
    {
        "color": "#E72A32",
        "ids": [
            260
        ]
    },
    {
        "color": "#EEC4CA",
        "ids": [
            263,
            335
        ]
    },
    {
        "color": "#4C5479",
        "ids": [
            270
        ]
    },
    {
        "color": "#B2462A",
        "ids": [
            278
        ]
    },
    {
        "color": "#0A197A",
        "ids": [
            296,
            338
        ]
    },
    {
        "color": "#ADCAF2",
        "ids": [
            299
        ]
    },
    {
        "color": "#C63762",
        "ids": [
            301
        ]
    },
    {
        "color": "#9252E1",
        "ids": [
            308
        ]
    },
    {
        "color": "#F78DE1",
        "ids": [
            311
        ]
    },
    {
        "color": "#D93B3E",
        "ids": [
            313
        ]
    },
    {
        "color": "#1C52B6",
        "ids": [
            320
        ]
    },
    {
        "color": "#3C2F7B",
        "ids": [
            326
        ]
    },
    {
        "color": "#C6615A",
        "ids": [
            327
        ]
    },
    {
        "color": "#FCE0BF",
        "ids": [
            328
        ]
    },
    {
        "color": "#9DAECF",
        "ids": [
            329
        ]
    },
    {
        "color": "#C3CADE",
        "ids": [
            341
        ]
    },
    {
        "color": "#354588",
        "ids": [
            342
        ]
    },
    {
        "color": "#DECBDB",
        "ids": [
            344
        ]
    },
    {
        "color": "#A3142B",
        "ids": [
            346
        ]
    },
    {
        "color": "#D91718",
        "ids": [
            352
        ]
    },
    {
        "color": "#DB807C",
        "ids": [
            360
        ]
    },
    {
        "color": "#302EC6",
        "ids": [
            367
        ]
    },
    {
        "color": "#784EB3",
        "ids": [
            369
        ]
    },
    {
        "color": "#661815",
        "ids": [
            371
        ]
    },
    {
        "color": "#2046C6",
        "ids": [
            373
        ]
    }
]