[
    {
        "color": "#F4F4F7",
        "ids": [
            1,
            7,
            14,
            18,
            19,
            27,
            28,
            32,
            33,
            47,
            71,
            133
        ]
    },
    {
        "color": "#434886",
        "ids": [
            2,
            68,
            128,
            153
        ]
    },
    {
        "color": "#2A225A",
        "ids": [
            3,
            4,
            8,
            16,
            17,
            20,
            24,
            35,
            36,
            44,
            51,
            61,
            69,
            74,
            80,
            82,
            86,
            91,
            99,
            108,
            117,
            124,
            129,
            146,
            161,
            162,
            167
        ]
    },
    {
        "color": "#FAD1AF",
        "ids": [
            5,
            169
        ]
    },
    {
        "color": "#FAAB6C",
        "ids": [
            6,
            9,
            12,
            21,
            22,
            25,
            132
        ]
    },
    {
        "color": "#FADCDD",
        "ids": [
            10,
            11,
            13,
            15,
            26,
            30,
            38,
            42,
            43,
            66,
            90,
            131,
            136,
            149
        ]
    },
    {
        "color": "#F2572F",
        "ids": [
            23,
            34,
            49,
            54,
            104,
            111,
            126,
            144
        ]
    },
    {
        "color": "#DC5D5B",
        "ids": [
            29,
            157
        ]
    },
    {
        "color": "#F6999B",
        "ids": [
            31,
            79,
            89,
            119
        ]
    },
    {
        "color": "#E88388",
        "ids": [
            37,
            40
        ]
    },
    {
        "color": "#DC98B8",
        "ids": [
            39
        ]
    },
    {
        "color": "#FA9B52",
        "ids": [
            41,
            94,
            118,
            134,
            137,
            145
        ]
    },
    {
        "color": "#ED7F4E",
        "ids": [
            45,
            109,
            110,
            112,
            114,
            123,
            135
        ]
    },
    {
        "color": "#D6D5DE",
        "ids": [
            46,
            53,
            81,
            93,
            96,
            121,
            148,
            170
        ]
    },
    {
        "color": "#211745",
        "ids": [
            48,
            63,
            151
        ]
    },
    {
        "color": "#522C5C",
        "ids": [
            50,
            95,
            116,
            122
        ]
    },
    {
        "color": "#3D3267",
        "ids": [
            52,
            62,
            92,
            97,
            100,
            138,
            150,
            155,
            163,
            164
        ]
    },
    {
        "color": "#EE716D",
        "ids": [
            55
        ]
    },
    {
        "color": "#CBBCC3",
        "ids": [
            56
        ]
    },
    {
        "color": "#ED461A",
        "ids": [
            57,
            64,
            77,
            141
        ]
    },
    {
        "color": "#EEC9CE",
        "ids": [
            58,
            73,
            75,
            142
        ]
    },
    {
        "color": "#F8B4AA",
        "ids": [
            59,
            84
        ]
    },
    {
        "color": "#171D6D",
        "ids": [
            60
        ]
    },
    {
        "color": "#A44E9D",
        "ids": [
            65
        ]
    },
    {
        "color": "#44304A",
        "ids": [
            67,
            98,
            152
        ]
    },
    {
        "color": "#E9B691",
        "ids": [
            70,
            166
        ]
    },
    {
        "color": "#AA2C29",
        "ids": [
            72
        ]
    },
    {
        "color": "#D64120",
        "ids": [
            76,
            83,
            139,
            140,
            143
        ]
    },
    {
        "color": "#F88468",
        "ids": [
            78
        ]
    },
    {
        "color": "#E69664",
        "ids": [
            85,
            115,
            130
        ]
    },
    {
        "color": "#E7C1B6",
        "ids": [
            87,
            113
        ]
    },
    {
        "color": "#975A5B",
        "ids": [
            88
        ]
    },
    {
        "color": "#EA6E3D",
        "ids": [
            101,
            127
        ]
    },
    {
        "color": "#FBADCC",
        "ids": [
            102
        ]
    },
    {
        "color": "#5B2F47",
        "ids": [
            103
        ]
    },
    {
        "color": "#4D3F55",
        "ids": [
            105
        ]
    },
    {
        "color": "#C12F1B",
        "ids": [
            106
        ]
    },
    {
        "color": "#D95134",
        "ids": [
            107,
            165
        ]
    },
    {
        "color": "#262F74",
        "ids": [
            120
        ]
    },
    {
        "color": "#6B3B41",
        "ids": [
            125,
            171
        ]
    },
    {
        "color": "#E8E7EC",
        "ids": [
            147
        ]
    },
    {
        "color": "#39337B",
        "ids": [
            154
        ]
    },
    {
        "color": "#1D1F30",
        "ids": [
            156
        ]
    },
    {
        "color": "#80548C",
        "ids": [
            158
        ]
    },
    {
        "color": "#D86638",
        "ids": [
            159
        ]
    },
    {
        "color": "#BD6088",
        "ids": [
            160
        ]
    },
    {
        "color": "#332047",
        "ids": [
            168
        ]
    }
]