[
    {
        "color": "#F7F7F9",
        "ids": [
            1,
            6,
            16,
            17,
            26,
            36
        ]
    },
    {
        "color": "#22244A",
        "ids": [
            2,
            27,
            28,
            29,
            30,
            55
        ]
    },
    {
        "color": "#E9432D",
        "ids": [
            3,
            4,
            7,
            8,
            15,
            33,
            37,
            72
        ]
    },
    {
        "color": "#F8C0B2",
        "ids": [
            5,
            10,
            12,
            14,
            50,
            56,
            58,
            64,
            68
        ]
    },
    {
        "color": "#48468A",
        "ids": [
            9,
            11,
            13,
            18,
            19,
            24,
            62
        ]
    },
    {
        "color": "#7971B7",
        "ids": [
            20,
            21
        ]
    },
    {
        "color": "#585B93",
        "ids": [
            22,
            25
        ]
    },
    {
        "color": "#DA3821",
        "ids": [
            23,
            40,
            45,
            48,
            52,
            59
        ]
    },
    {
        "color": "#F39781",
        "ids": [
            31,
            35
        ]
    },
    {
        "color": "#3A2C4F",
        "ids": [
            32,
            43,
            70
        ]
    },
    {
        "color": "#52344F",
        "ids": [
            34
        ]
    },
    {
        "color": "#FBE0D0",
        "ids": [
            38,
            51,
            57,
            60
        ]
    },
    {
        "color": "#D22410",
        "ids": [
            39,
            47
        ]
    },
    {
        "color": "#932622",
        "ids": [
            41
        ]
    },
    {
        "color": "#756DA0",
        "ids": [
            42
        ]
    },
    {
        "color": "#F0E8E4",
        "ids": [
            44,
            54
        ]
    },
    {
        "color": "#C42D20",
        "ids": [
            46
        ]
    },
    {
        "color": "#BC706C",
        "ids": [
            49
        ]
    },
    {
        "color": "#95706B",
        "ids": [
            53
        ]
    },
    {
        "color": "#3F3C42",
        "ids": [
            61,
            69
        ]
    },
    {
        "color": "#EA7868",
        "ids": [
            63
        ]
    },
    {
        "color": "#FAA892",
        "ids": [
            65
        ]
    },
    {
        "color": "#C5C4CF",
        "ids": [
            66
        ]
    },
    {
        "color": "#873B4A",
        "ids": [
            67
        ]
    },
    {
        "color": "#DF9490",
        "ids": [
            71
        ]
    }
]