[
    {
        "color": "#F0F7F5",
        "ids": [
            1,
            26,
            43,
            46,
            121,
            130,
            198,
            393,
            409,
            431
        ]
    },
    {
        "color": "#03178F",
        "ids": [
            2,
            11,
            403,
            441
        ]
    },
    {
        "color": "#1603A8",
        "ids": [
            3,
            9,
            13,
            14,
            22,
            34,
            44,
            52,
            71,
            129,
            158,
            223,
            285,
            292,
            293,
            313,
            319,
            324,
            352,
            353,
            373,
            381,
            385,
            386,
            426,
            442,
            448
        ]
    },
    {
        "color": "#0E0594",
        "ids": [
            4,
            8,
            15,
            62,
            77,
            98,
            157,
            159,
            172,
            214,
            232,
            245,
            256,
            266,
            277,
            320,
            323,
            348,
            359,
            364,
            369,
            377,
            379,
            380,
            384,
            400,
            467
        ]
    },
    {
        "color": "#FC6C29",
        "ids": [
            5,
            17,
            18,
            23,
            25,
            32,
            45,
            50,
            78,
            154,
            178,
            234,
            283,
            291,
            326,
            358,
            394,
            446
        ]
    },
    {
        "color": "#E51322",
        "ids": [
            6,
            170,
            254
        ]
    },
    {
        "color": "#FABEC8",
        "ids": [
            7,
            10,
            30,
            47,
            96,
            97,
            153,
            210,
            375
        ]
    },
    {
        "color": "#F63008",
        "ids": [
            12,
            19,
            35,
            36,
            66,
            72,
            76,
            95,
            99,
            101,
            105,
            108,
            114,
            133,
            188,
            208,
            264,
            302,
            304,
            433
        ]
    },
    {
        "color": "#FBACA5",
        "ids": [
            16,
            20,
            86
        ]
    },
    {
        "color": "#FB812E",
        "ids": [
            21,
            54,
            272,
            398
        ]
    },
    {
        "color": "#9C00CD",
        "ids": [
            24
        ]
    },
    {
        "color": "#170077",
        "ids": [
            27,
            38,
            42,
            53,
            79,
            85,
            92,
            94,
            104,
            116,
            123,
            125,
            135,
            137,
            152,
            162,
            167,
            171,
            179,
            182,
            183,
            189,
            194,
            233,
            263,
            286,
            312,
            318,
            361,
            366,
            390,
            391,
            401,
            408,
            413,
            453,
            462
        ]
    },
    {
        "color": "#6603E5",
        "ids": [
            28
        ]
    },
    {
        "color": "#270386",
        "ids": [
            29,
            60,
            282,
            334
        ]
    },
    {
        "color": "#D0171B",
        "ids": [
            31,
            454
        ]
    },
    {
        "color": "#2614BB",
        "ids": [
            33,
            81,
            131,
            195,
            217,
            227,
            246,
            274,
            339,
            367,
            459
        ]
    },
    {
        "color": "#490A87",
        "ids": [
            37,
            169,
            177,
            404
        ]
    },
    {
        "color": "#1B07C6",
        "ids": [
            39,
            58
        ]
    },
    {
        "color": "#F95110",
        "ids": [
            40,
            41,
            75,
            87,
            111,
            113,
            115,
            149,
            165,
            185,
            222,
            225,
            332,
            350,
            355,
            388,
            410,
            450
        ]
    },
    {
        "color": "#FB6514",
        "ids": [
            48,
            161
        ]
    },
    {
        "color": "#250467",
        "ids": [
            49,
            63,
            112,
            155,
            174,
            342,
            397
        ]
    },
    {
        "color": "#0F0922",
        "ids": [
            51,
            215
        ]
    },
    {
        "color": "#110463",
        "ids": [
            55,
            136,
            150,
            197,
            280,
            284,
            300,
            305
        ]
    },
    {
        "color": "#F05B25",
        "ids": [
            56,
            73,
            346
        ]
    },
    {
        "color": "#F77392",
        "ids": [
            57,
            435
        ]
    },
    {
        "color": "#8184DE",
        "ids": [
            59,
            447
        ]
    },
    {
        "color": "#FC5738",
        "ids": [
            61,
            287,
            407
        ]
    },
    {
        "color": "#EF3052",
        "ids": [
            64,
            255,
            267,
            341,
            436
        ]
    },
    {
        "color": "#F9CDDC",
        "ids": [
            65,
            91,
            134,
            181,
            315,
            424,
            437
        ]
    },
    {
        "color": "#EA38A1",
        "ids": [
            67
        ]
    },
    {
        "color": "#ED5973",
        "ids": [
            68,
            103,
            311,
            329,
            439
        ]
    },
    {
        "color": "#FDB68D",
        "ids": [
            69,
            257,
            278,
            357,
            376
        ]
    },
    {
        "color": "#F97C44",
        "ids": [
            70,
            74,
            80,
            144,
            220,
            330,
            343,
            461
        ]
    },
    {
        "color": "#E68D70",
        "ids": [
            82,
            173
        ]
    },
    {
        "color": "#EEDBF8",
        "ids": [
            83,
            211,
            216,
            327,
            345,
            362
        ]
    },
    {
        "color": "#E8B5E5",
        "ids": [
            84,
            212,
            273,
            340,
            423,
            466
        ]
    },
    {
        "color": "#3A2ADF",
        "ids": [
            88
        ]
    },
    {
        "color": "#F94024",
        "ids": [
            89,
            117,
            164,
            199,
            213,
            396
        ]
    },
    {
        "color": "#F95E60",
        "ids": [
            90,
            110,
            371
        ]
    },
    {
        "color": "#EF2581",
        "ids": [
            93
        ]
    },
    {
        "color": "#E53B8D",
        "ids": [
            100
        ]
    },
    {
        "color": "#481DD3",
        "ids": [
            102,
            124,
            430
        ]
    },
    {
        "color": "#E64233",
        "ids": [
            106,
            168,
            236,
            279,
            347
        ]
    },
    {
        "color": "#A60A47",
        "ids": [
            107
        ]
    },
    {
        "color": "#07063E",
        "ids": [
            109,
            184,
            207,
            221,
            406,
            440
        ]
    },
    {
        "color": "#6D06BF",
        "ids": [
            118
        ]
    },
    {
        "color": "#4F44C6",
        "ids": [
            119,
            395
        ]
    },
    {
        "color": "#D495CD",
        "ids": [
            120
        ]
    },
    {
        "color": "#F7CAAA",
        "ids": [
            122,
            259,
            265,
            314,
            412
        ]
    },
    {
        "color": "#D82008",
        "ids": [
            126,
            250,
            260,
            422
        ]
    },
    {
        "color": "#C06A8B",
        "ids": [
            127
        ]
    },
    {
        "color": "#F695AB",
        "ids": [
            128,
            444
        ]
    },
    {
        "color": "#968CF7",
        "ids": [
            132,
            368
        ]
    },
    {
        "color": "#F8E5E9",
        "ids": [
            138,
            140,
            309,
            405,
            417
        ]
    },
    {
        "color": "#C40DB3",
        "ids": [
            139,
            160
        ]
    },
    {
        "color": "#480413",
        "ids": [
            141
        ]
    },
    {
        "color": "#C50C2E",
        "ids": [
            142,
            148
        ]
    },
    {
        "color": "#F8E3D2",
        "ids": [
            143,
            229,
            268,
            307,
            336,
            451
        ]
    },
    {
        "color": "#DE4FB4",
        "ids": [
            145
        ]
    },
    {
        "color": "#B18FE3",
        "ids": [
            146,
            187
        ]
    },
    {
        "color": "#D73826",
        "ids": [
            147,
            253,
            449
        ]
    },
    {
        "color": "#C2A8FB",
        "ids": [
            151,
            275
        ]
    },
    {
        "color": "#552058",
        "ids": [
            156
        ]
    },
    {
        "color": "#C22E4E",
        "ids": [
            163
        ]
    },
    {
        "color": "#8C9AE5",
        "ids": [
            166
        ]
    },
    {
        "color": "#DA4913",
        "ids": [
            175,
            219,
            321,
            455
        ]
    },
    {
        "color": "#C7443A",
        "ids": [
            176,
            351,
            411
        ]
    },
    {
        "color": "#6321D2",
        "ids": [
            180
        ]
    },
    {
        "color": "#C88AA3",
        "ids": [
            186
        ]
    },
    {
        "color": "#381CC1",
        "ids": [
            190,
            196,
            402
        ]
    },
    {
        "color": "#22169F",
        "ids": [
            191,
            270,
            290
        ]
    },
    {
        "color": "#744ECB",
        "ids": [
            192,
            288
        ]
    },
    {
        "color": "#6C0098",
        "ids": [
            193
        ]
    },
    {
        "color": "#8B70E6",
        "ids": [
            200,
            237,
            249,
            349
        ]
    },
    {
        "color": "#DDEFE2",
        "ids": [
            201,
            416,
            434,
            458
        ]
    },
    {
        "color": "#C40377",
        "ids": [
            202,
            226
        ]
    },
    {
        "color": "#4F46E5",
        "ids": [
            203,
            281
        ]
    },
    {
        "color": "#EA8359",
        "ids": [
            204,
            399
        ]
    },
    {
        "color": "#7E10A7",
        "ids": [
            205,
            297
        ]
    },
    {
        "color": "#E485D2",
        "ids": [
            206
        ]
    },
    {
        "color": "#7D5FD7",
        "ids": [
            209
        ]
    },
    {
        "color": "#671F75",
        "ids": [
            218,
            301,
            363
        ]
    },
    {
        "color": "#0F2DBE",
        "ids": [
            224
        ]
    },
    {
        "color": "#C3BBF3",
        "ids": [
            228,
            240
        ]
    },
    {
        "color": "#E75938",
        "ids": [
            230
        ]
    },
    {
        "color": "#323AA6",
        "ids": [
            231
        ]
    },
    {
        "color": "#FBD271",
        "ids": [
            235
        ]
    },
    {
        "color": "#A300AE",
        "ids": [
            238
        ]
    },
    {
        "color": "#331662",
        "ids": [
            239,
            308,
            356
        ]
    },
    {
        "color": "#020180",
        "ids": [
            241,
            325
        ]
    },
    {
        "color": "#E2A9C7",
        "ids": [
            242,
            360
        ]
    },
    {
        "color": "#C17DDD",
        "ids": [
            243
        ]
    },
    {
        "color": "#5D036F",
        "ids": [
            244,
            333
        ]
    },
    {
        "color": "#FE967C",
        "ids": [
            247
        ]
    },
    {
        "color": "#6741E7",
        "ids": [
            248
        ]
    },
    {
        "color": "#CC5105",
        "ids": [
            251
        ]
    },
    {
        "color": "#D51ED4",
        "ids": [
            252
        ]
    },
    {
        "color": "#F38317",
        "ids": [
            258
        ]
    },
    {
        "color": "#1C0733",
        "ids": [
            261
        ]
    },
    {
        "color": "#DCD1F9",
        "ids": [
            262,
            337,
            344,
            427,
            465
        ]
    },
    {
        "color": "#A983F7",
        "ids": [
            269
        ]
    },
    {
        "color": "#F51A07",
        "ids": [
            271,
            354
        ]
    },
    {
        "color": "#1C0602",
        "ids": [
            276
        ]
    },
    {
        "color": "#E51E39",
        "ids": [
            289
        ]
    },
    {
        "color": "#A50099",
        "ids": [
            294
        ]
    },
    {
        "color": "#6050D7",
        "ids": [
            295
        ]
    },
    {
        "color": "#C794F9",
        "ids": [
            296,
            374,
            421
        ]
    },
    {
        "color": "#B0B8DE",
        "ids": [
            298
        ]
    },
    {
        "color": "#4610B5",
        "ids": [
            299
        ]
    },
    {
        "color": "#15196F",
        "ids": [
            303
        ]
    },
    {
        "color": "#F690C2",
        "ids": [
            306,
            372
        ]
    },
    {
        "color": "#F9A66C",
        "ids": [
            310
        ]
    },
    {
        "color": "#D15F6B",
        "ids": [
            316
        ]
    },
    {
        "color": "#8A277C",
        "ids": [
            317
        ]
    },
    {
        "color": "#F6D7C2",
        "ids": [
            322,
            387
        ]
    },
    {
        "color": "#A200E8",
        "ids": [
            328
        ]
    },
    {
        "color": "#C1011C",
        "ids": [
            331
        ]
    },
    {
        "color": "#F65F86",
        "ids": [
            335,
            338
        ]
    },
    {
        "color": "#F967A3",
        "ids": [
            365
        ]
    },
    {
        "color": "#A271E6",
        "ids": [
            370
        ]
    },
    {
        "color": "#B90396",
        "ids": [
            378
        ]
    },
    {
        "color": "#EB6D75",
        "ids": [
            382
        ]
    },
    {
        "color": "#8B0F20",
        "ids": [
            383
        ]
    },
    {
        "color": "#D35F3A",
        "ids": [
            389
        ]
    },
    {
        "color": "#4E1471",
        "ids": [
            392
        ]
    },
    {
        "color": "#F272C2",
        "ids": [
            414
        ]
    },
    {
        "color": "#8F009A",
        "ids": [
            415,
            443
        ]
    },
    {
        "color": "#E1CEC8",
        "ids": [
            418
        ]
    },
    {
        "color": "#A30B15",
        "ids": [
            419,
            420,
            429
        ]
    },
    {
        "color": "#D90D00",
        "ids": [
            425
        ]
    },
    {
        "color": "#F50933",
        "ids": [
            428
        ]
    },
    {
        "color": "#C6154F",
        "ids": [
            432
        ]
    },
    {
        "color": "#DF6550",
        "ids": [
            438
        ]
    },
    {
        "color": "#AA4B93",
        "ids": [
            445
        ]
    },
    {
        "color": "#820A0C",
        "ids": [
            452
        ]
    },
    {
        "color": "#2619E4",
        "ids": [
            456
        ]
    },
    {
        "color": "#F4B960",
        "ids": [
            457
        ]
    },
    {
        "color": "#BDADCC",
        "ids": [
            460
        ]
    },
    {
        "color": "#B900E2",
        "ids": [
            463
        ]
    },
    {
        "color": "#FD2636",
        "ids": [
            464
        ]
    }
]