[
    {
        "color": "#F2F5F6",
        "ids": [
            1,
            24,
            39,
            42,
            44,
            51,
            55,
            57,
            68,
            129,
            153,
            176,
            201,
            254,
            263,
            283,
            361,
            365
        ]
    },
    {
        "color": "#5C49E0",
        "ids": [
            2,
            9,
            36,
            48,
            70,
            99,
            123,
            295
        ]
    },
    {
        "color": "#3520A6",
        "ids": [
            3,
            6,
            11,
            13,
            15,
            16,
            21,
            29,
            30,
            43,
            45,
            50,
            102,
            164,
            187,
            324,
            357,
            383,
            393,
            399
        ]
    },
    {
        "color": "#FA9F57",
        "ids": [
            4,
            8,
            17,
            20,
            38,
            41,
            219,
            239,
            260
        ]
    },
    {
        "color": "#31359F",
        "ids": [
            5,
            163,
            233
        ]
    },
    {
        "color": "#F2C4CB",
        "ids": [
            7,
            12,
            19,
            22,
            59,
            97,
            148,
            154,
            166,
            209,
            286,
            303,
            344,
            345,
            346,
            380,
            390,
            416
        ]
    },
    {
        "color": "#F5833C",
        "ids": [
            10,
            14,
            18,
            26,
            37,
            60,
            67,
            72,
            80,
            92,
            126,
            198,
            227,
            250,
            316,
            323,
            339,
            418
        ]
    },
    {
        "color": "#F07037",
        "ids": [
            23,
            25,
            28,
            32,
            134,
            140,
            146,
            257,
            368,
            379
        ]
    },
    {
        "color": "#120B75",
        "ids": [
            27,
            33,
            35,
            49,
            54,
            84,
            89,
            98,
            133,
            147,
            149,
            160,
            172,
            175,
            193,
            194,
            212,
            221,
            229,
            235,
            238,
            243,
            261,
            299,
            305,
            332,
            333,
            347,
            348,
            369,
            376,
            388,
            394,
            402,
            403
        ]
    },
    {
        "color": "#8AC7E7",
        "ids": [
            31
        ]
    },
    {
        "color": "#5547CD",
        "ids": [
            34,
            111,
            241,
            342,
            366
        ]
    },
    {
        "color": "#0D0761",
        "ids": [
            40,
            53,
            77,
            82,
            116,
            118,
            119,
            151,
            152,
            155,
            165,
            168,
            183,
            214,
            312,
            330,
            415
        ]
    },
    {
        "color": "#1A1886",
        "ids": [
            46,
            75,
            78,
            81,
            91,
            122,
            171,
            186,
            210,
            215,
            217,
            224,
            262,
            279,
            328,
            352,
            370,
            374,
            378,
            385,
            404
        ]
    },
    {
        "color": "#713B8A",
        "ids": [
            47,
            255
        ]
    },
    {
        "color": "#71A9E0",
        "ids": [
            52,
            248,
            280
        ]
    },
    {
        "color": "#ED462F",
        "ids": [
            56,
            95,
            196,
            208,
            228,
            236,
            278,
            300,
            325,
            355,
            359,
            401
        ]
    },
    {
        "color": "#F95A26",
        "ids": [
            58,
            76,
            117,
            185,
            231,
            301,
            304
        ]
    },
    {
        "color": "#F981A1",
        "ids": [
            61
        ]
    },
    {
        "color": "#F28685",
        "ids": [
            62,
            319
        ]
    },
    {
        "color": "#433EBD",
        "ids": [
            63,
            65,
            162,
            226,
            293,
            414
        ]
    },
    {
        "color": "#22129A",
        "ids": [
            64,
            128,
            139,
            234,
            400
        ]
    },
    {
        "color": "#2A1978",
        "ids": [
            66,
            88,
            101,
            108,
            110,
            112,
            192,
            211,
            246,
            308
        ]
    },
    {
        "color": "#F6B868",
        "ids": [
            69
        ]
    },
    {
        "color": "#E97C59",
        "ids": [
            71,
            130,
            296,
            315,
            351
        ]
    },
    {
        "color": "#F6A9AC",
        "ids": [
            73,
            87,
            104,
            157,
            213,
            321,
            343,
            382
        ]
    },
    {
        "color": "#0D073A",
        "ids": [
            74,
            79,
            174,
            377
        ]
    },
    {
        "color": "#332591",
        "ids": [
            83,
            90,
            204,
            237,
            327
        ]
    },
    {
        "color": "#6D54D8",
        "ids": [
            85,
            284,
            320
        ]
    },
    {
        "color": "#4F60CC",
        "ids": [
            86,
            141
        ]
    },
    {
        "color": "#CD6CD2",
        "ids": [
            93
        ]
    },
    {
        "color": "#3540D1",
        "ids": [
            94,
            197,
            200,
            265
        ]
    },
    {
        "color": "#C6364A",
        "ids": [
            96,
            127,
            307
        ]
    },
    {
        "color": "#4D2F74",
        "ids": [
            100
        ]
    },
    {
        "color": "#E1AED2",
        "ids": [
            103,
            114,
            131,
            173,
            179,
            273,
            398
        ]
    },
    {
        "color": "#F2AF8A",
        "ids": [
            105,
            269,
            408
        ]
    },
    {
        "color": "#DB3233",
        "ids": [
            106,
            115,
            419,
            420
        ]
    },
    {
        "color": "#4E2385",
        "ids": [
            107,
            251,
            354
        ]
    },
    {
        "color": "#B6A6A3",
        "ids": [
            109
        ]
    },
    {
        "color": "#D26C81",
        "ids": [
            113,
            125
        ]
    },
    {
        "color": "#B087DD",
        "ids": [
            120,
            177,
            184,
            306
        ]
    },
    {
        "color": "#EFB2BE",
        "ids": [
            121
        ]
    },
    {
        "color": "#DE7149",
        "ids": [
            124,
            274,
            313
        ]
    },
    {
        "color": "#D14F31",
        "ids": [
            132,
            189,
            258,
            407
        ]
    },
    {
        "color": "#6B3D62",
        "ids": [
            135
        ]
    },
    {
        "color": "#E0DAE7",
        "ids": [
            136,
            138,
            188,
            275,
            291,
            360,
            372,
            375,
            405
        ]
    },
    {
        "color": "#7189D6",
        "ids": [
            137,
            205,
            289,
            302
        ]
    },
    {
        "color": "#809DD9",
        "ids": [
            142
        ]
    },
    {
        "color": "#A493F0",
        "ids": [
            143,
            281,
            294,
            384
        ]
    },
    {
        "color": "#D9C5D1",
        "ids": [
            144
        ]
    },
    {
        "color": "#1E1363",
        "ids": [
            145,
            259,
            292
        ]
    },
    {
        "color": "#38334B",
        "ids": [
            150
        ]
    },
    {
        "color": "#140F4E",
        "ids": [
            156
        ]
    },
    {
        "color": "#0E0993",
        "ids": [
            158
        ]
    },
    {
        "color": "#3F1F75",
        "ids": [
            159,
            190,
            413
        ]
    },
    {
        "color": "#CA3225",
        "ids": [
            161
        ]
    },
    {
        "color": "#6074EE",
        "ids": [
            167,
            256,
            267,
            271
        ]
    },
    {
        "color": "#92266B",
        "ids": [
            169
        ]
    },
    {
        "color": "#6CA6BD",
        "ids": [
            170
        ]
    },
    {
        "color": "#4826A1",
        "ids": [
            178,
            334,
            358
        ]
    },
    {
        "color": "#D4377A",
        "ids": [
            180
        ]
    },
    {
        "color": "#D15A46",
        "ids": [
            181,
            371
        ]
    },
    {
        "color": "#391C50",
        "ids": [
            182,
            338,
            409
        ]
    },
    {
        "color": "#D3BDF2",
        "ids": [
            191,
            367,
            410
        ]
    },
    {
        "color": "#96437A",
        "ids": [
            195
        ]
    },
    {
        "color": "#DE301A",
        "ids": [
            199,
            335
        ]
    },
    {
        "color": "#FCD5B8",
        "ids": [
            202,
            417
        ]
    },
    {
        "color": "#3555CB",
        "ids": [
            203
        ]
    },
    {
        "color": "#866CD0",
        "ids": [
            206,
            253
        ]
    },
    {
        "color": "#231CB6",
        "ids": [
            207
        ]
    },
    {
        "color": "#DAA8AC",
        "ids": [
            216
        ]
    },
    {
        "color": "#F6D9DA",
        "ids": [
            218,
            268,
            317,
            386,
            397
        ]
    },
    {
        "color": "#CA82C1",
        "ids": [
            220,
            336
        ]
    },
    {
        "color": "#B63270",
        "ids": [
            222
        ]
    },
    {
        "color": "#311B64",
        "ids": [
            223
        ]
    },
    {
        "color": "#9741A4",
        "ids": [
            225
        ]
    },
    {
        "color": "#FE362A",
        "ids": [
            230
        ]
    },
    {
        "color": "#44499A",
        "ids": [
            232
        ]
    },
    {
        "color": "#A23344",
        "ids": [
            240
        ]
    },
    {
        "color": "#5D6FC4",
        "ids": [
            242,
            272,
            412
        ]
    },
    {
        "color": "#5431AD",
        "ids": [
            244
        ]
    },
    {
        "color": "#392CC3",
        "ids": [
            245
        ]
    },
    {
        "color": "#0C1AAD",
        "ids": [
            247
        ]
    },
    {
        "color": "#EE92A0",
        "ids": [
            249,
            389
        ]
    },
    {
        "color": "#DE588B",
        "ids": [
            252,
            364
        ]
    },
    {
        "color": "#F69D7A",
        "ids": [
            264
        ]
    },
    {
        "color": "#5056EC",
        "ids": [
            266
        ]
    },
    {
        "color": "#E04320",
        "ids": [
            270,
            314
        ]
    },
    {
        "color": "#FB5351",
        "ids": [
            276,
            282
        ]
    },
    {
        "color": "#B5B9E3",
        "ids": [
            277,
            350,
            387
        ]
    },
    {
        "color": "#957DD1",
        "ids": [
            285
        ]
    },
    {
        "color": "#FB7E29",
        "ids": [
            287,
            337
        ]
    },
    {
        "color": "#BB7AEC",
        "ids": [
            288
        ]
    },
    {
        "color": "#FA1732",
        "ids": [
            290,
            373
        ]
    },
    {
        "color": "#C6A0B4",
        "ids": [
            297
        ]
    },
    {
        "color": "#D8926D",
        "ids": [
            298
        ]
    },
    {
        "color": "#59196C",
        "ids": [
            309,
            396
        ]
    },
    {
        "color": "#955783",
        "ids": [
            310,
            356
        ]
    },
    {
        "color": "#BDBFF9",
        "ids": [
            311
        ]
    },
    {
        "color": "#D58430",
        "ids": [
            318,
            395
        ]
    },
    {
        "color": "#BF2530",
        "ids": [
            322
        ]
    },
    {
        "color": "#FA6849",
        "ids": [
            326,
            329
        ]
    },
    {
        "color": "#522052",
        "ids": [
            331
        ]
    },
    {
        "color": "#F9C17B",
        "ids": [
            340
        ]
    },
    {
        "color": "#AB6EBE",
        "ids": [
            341
        ]
    },
    {
        "color": "#7A62E5",
        "ids": [
            349
        ]
    },
    {
        "color": "#D5662B",
        "ids": [
            353
        ]
    },
    {
        "color": "#38172B",
        "ids": [
            362
        ]
    },
    {
        "color": "#C12051",
        "ids": [
            363
        ]
    },
    {
        "color": "#BF413A",
        "ids": [
            381
        ]
    },
    {
        "color": "#821928",
        "ids": [
            391
        ]
    },
    {
        "color": "#96A2C8",
        "ids": [
            392
        ]
    },
    {
        "color": "#D98D9F",
        "ids": [
            406
        ]
    },
    {
        "color": "#EA0920",
        "ids": [
            411
        ]
    }
]