[
    {
        "color": "#F7F7FA",
        "ids": [
            1,
            6,
            8,
            12,
            20,
            26,
            32,
            49
        ]
    },
    {
        "color": "#0E1423",
        "ids": [
            2,
            7,
            13,
            24,
            30,
            31,
            53,
            54,
            83
        ]
    },
    {
        "color": "#E4440D",
        "ids": [
            3,
            4,
            14,
            19,
            29,
            59,
            64
        ]
    },
    {
        "color": "#F6D2BB",
        "ids": [
            5,
            9,
            10,
            11,
            15,
            25,
            42,
            44,
            88
        ]
    },
    {
        "color": "#C55845",
        "ids": [
            16
        ]
    },
    {
        "color": "#A2270D",
        "ids": [
            17,
            18,
            89
        ]
    },
    {
        "color": "#F39980",
        "ids": [
            21,
            23,
            35,
            72
        ]
    },
    {
        "color": "#C9340E",
        "ids": [
            22,
            27,
            34,
            39,
            41,
            48,
            67,
            73,
            78
        ]
    },
    {
        "color": "#EFBBA5",
        "ids": [
            28,
            70,
            77,
            79
        ]
    },
    {
        "color": "#39363B",
        "ids": [
            33,
            56,
            69,
            74,
            76,
            84,
            86
        ]
    },
    {
        "color": "#F9E1DB",
        "ids": [
            36,
            60,
            62,
            81,
            82
        ]
    },
    {
        "color": "#252628",
        "ids": [
            37,
            51
        ]
    },
    {
        "color": "#252D3B",
        "ids": [
            38
        ]
    },
    {
        "color": "#EAECED",
        "ids": [
            40,
            55
        ]
    },
    {
        "color": "#D64725",
        "ids": [
            43,
            46,
            52,
            66,
            85,
            87
        ]
    },
    {
        "color": "#CD832E",
        "ids": [
            45,
            47
        ]
    },
    {
        "color": "#D7B9AB",
        "ids": [
            50
        ]
    },
    {
        "color": "#DA4341",
        "ids": [
            57
        ]
    },
    {
        "color": "#E75A1F",
        "ids": [
            58,
            80
        ]
    },
    {
        "color": "#AEA9AB",
        "ids": [
            61,
            63
        ]
    },
    {
        "color": "#F2AE8E",
        "ids": [
            65
        ]
    },
    {
        "color": "#D02206",
        "ids": [
            68
        ]
    },
    {
        "color": "#C55316",
        "ids": [
            71
        ]
    },
    {
        "color": "#FA7554",
        "ids": [
            75
        ]
    }
]