[
    {
        "color": "#E8E7E6",
        "ids": [
            1,
            2,
            3,
            12,
            16,
            22,
            23,
            24,
            25,
            32,
            34,
            37,
            40,
            46,
            52,
            147,
            161,
            229
        ]
    },
    {
        "color": "#131B21",
        "ids": [
            4,
            8,
            11,
            17,
            18,
            27,
            29,
            39,
            63,
            108,
            127,
            151,
            241
        ]
    },
    {
        "color": "#DF633F",
        "ids": [
            5,
            10,
            15,
            20,
            31
        ]
    },
    {
        "color": "#2E4352",
        "ids": [
            6,
            9,
            14,
            28,
            35,
            71,
            79,
            80,
            81,
            85,
            93,
            95,
            105,
            112,
            116,
            125,
            136,
            144,
            148,
            168,
            173,
            176,
            177,
            184,
            190,
            191,
            201,
            212,
            214,
            216,
            224,
            225,
            230,
            232,
            240,
            243
        ]
    },
    {
        "color": "#E6CEC5",
        "ids": [
            7,
            36,
            41,
            83,
            118,
            204,
            211,
            219,
            233
        ]
    },
    {
        "color": "#1E2B35",
        "ids": [
            13,
            19,
            43,
            45,
            47,
            49,
            55,
            56,
            60,
            61,
            84,
            110,
            143,
            171,
            182,
            186,
            200,
            215,
            220,
            226,
            231,
            234
        ]
    },
    {
        "color": "#E3B9A7",
        "ids": [
            21,
            133
        ]
    },
    {
        "color": "#48525E",
        "ids": [
            26,
            33,
            42,
            53,
            74,
            75,
            78,
            87,
            88,
            94,
            119,
            131,
            150,
            153,
            158,
            162,
            178,
            192,
            202,
            203,
            205,
            206,
            207,
            213,
            217,
            218,
            244
        ]
    },
    {
        "color": "#C55948",
        "ids": [
            30,
            72,
            92,
            107,
            165,
            166,
            167
        ]
    },
    {
        "color": "#D57C59",
        "ids": [
            38,
            82
        ]
    },
    {
        "color": "#CEB5AE",
        "ids": [
            44,
            50,
            128,
            139,
            188,
            195
        ]
    },
    {
        "color": "#CFD2D4",
        "ids": [
            48,
            65,
            114,
            126,
            156,
            193,
            208,
            210,
            236,
            237,
            246
        ]
    },
    {
        "color": "#7B7478",
        "ids": [
            51,
            109,
            121,
            149,
            159,
            175,
            198
        ]
    },
    {
        "color": "#342926",
        "ids": [
            54,
            64,
            69,
            124,
            154,
            169,
            179
        ]
    },
    {
        "color": "#5D626C",
        "ids": [
            57,
            76,
            91,
            100,
            111,
            115,
            123,
            138,
            155,
            160,
            164,
            187,
            223,
            242
        ]
    },
    {
        "color": "#41373D",
        "ids": [
            58,
            67,
            89,
            90,
            99,
            102,
            104,
            117,
            135,
            141,
            157,
            170,
            181,
            209,
            228,
            245
        ]
    },
    {
        "color": "#B15C3C",
        "ids": [
            59,
            235
        ]
    },
    {
        "color": "#533931",
        "ids": [
            62,
            86
        ]
    },
    {
        "color": "#B4B3B9",
        "ids": [
            66,
            70,
            101,
            145,
            196,
            199,
            227
        ]
    },
    {
        "color": "#DB8975",
        "ids": [
            68
        ]
    },
    {
        "color": "#7C4D42",
        "ids": [
            73,
            130,
            152,
            163
        ]
    },
    {
        "color": "#BE6E6D",
        "ids": [
            77
        ]
    },
    {
        "color": "#B65C64",
        "ids": [
            96,
            183,
            221
        ]
    },
    {
        "color": "#CBA599",
        "ids": [
            97
        ]
    },
    {
        "color": "#898C91",
        "ids": [
            98,
            146,
            239
        ]
    },
    {
        "color": "#B89FA2",
        "ids": [
            103,
            120,
            132,
            194
        ]
    },
    {
        "color": "#8D7B71",
        "ids": [
            106
        ]
    },
    {
        "color": "#AB9686",
        "ids": [
            113,
            174,
            197
        ]
    },
    {
        "color": "#694537",
        "ids": [
            122
        ]
    },
    {
        "color": "#CDC1BF",
        "ids": [
            129,
            180,
            238
        ]
    },
    {
        "color": "#7A625E",
        "ids": [
            134
        ]
    },
    {
        "color": "#CA8E84",
        "ids": [
            137
        ]
    },
    {
        "color": "#2C363F",
        "ids": [
            140
        ]
    },
    {
        "color": "#95A2A8",
        "ids": [
            142,
            172,
            189
        ]
    },
    {
        "color": "#597A8E",
        "ids": [
            185
        ]
    },
    {
        "color": "#5B6580",
        "ids": [
            222
        ]
    }
]