[
    {
        "color": "#F9F8FA",
        "ids": [
            1,
            4,
            15,
            27,
            29,
            36,
            58,
            64,
            74,
            82,
            86,
            92,
            101,
            117,
            119,
            179,
            198,
            200,
            208,
            228,
            284,
            302
        ]
    },
    {
        "color": "#E2624B",
        "ids": [
            2,
            10,
            25,
            32,
            50,
            76,
            109,
            115,
            138,
            141,
            160,
            173,
            174,
            178,
            182,
            185,
            199,
            227,
            235,
            241,
            249,
            255,
            257,
            301
        ]
    },
    {
        "color": "#8097CB",
        "ids": [
            3,
            35,
            38,
            142,
            209,
            247
        ]
    },
    {
        "color": "#5759A4",
        "ids": [
            5,
            14,
            28,
            33,
            47,
            69,
            156,
            253,
            260,
            261,
            262
        ]
    },
    {
        "color": "#6853BE",
        "ids": [
            6,
            39,
            162,
            207
        ]
    },
    {
        "color": "#F6CEB9",
        "ids": [
            7,
            9,
            17,
            18,
            37,
            46,
            88,
            93,
            102,
            167,
            224
        ]
    },
    {
        "color": "#F57956",
        "ids": [
            8,
            11,
            12,
            21,
            24,
            26,
            30,
            34,
            45,
            54,
            55,
            62,
            72,
            77,
            81,
            85,
            113,
            238,
            246,
            296
        ]
    },
    {
        "color": "#232C68",
        "ids": [
            13,
            19,
            22,
            23,
            31,
            48,
            53,
            56,
            65,
            89,
            96,
            103,
            108,
            116,
            133,
            140,
            148,
            157,
            164,
            170,
            187,
            190,
            239,
            281,
            285
        ]
    },
    {
        "color": "#B24051",
        "ids": [
            16,
            61,
            75,
            212,
            278
        ]
    },
    {
        "color": "#95C3E5",
        "ids": [
            20,
            144,
            165,
            193,
            194,
            215,
            216,
            256,
            272
        ]
    },
    {
        "color": "#D54E41",
        "ids": [
            40,
            51,
            67,
            139,
            146,
            176,
            244,
            267,
            293
        ]
    },
    {
        "color": "#B5B3D6",
        "ids": [
            41
        ]
    },
    {
        "color": "#182253",
        "ids": [
            42,
            49,
            57,
            59,
            83,
            90,
            91,
            95,
            98,
            123,
            125,
            145,
            147,
            150,
            154,
            155,
            168,
            169,
            201,
            202,
            211,
            232,
            234,
            252,
            254,
            258,
            271,
            306
        ]
    },
    {
        "color": "#7684BD",
        "ids": [
            43,
            273
        ]
    },
    {
        "color": "#323771",
        "ids": [
            44,
            131,
            192,
            203,
            219,
            225,
            230,
            243,
            290
        ]
    },
    {
        "color": "#7FB0E2",
        "ids": [
            52,
            73,
            97,
            100,
            114,
            118,
            135,
            151,
            288
        ]
    },
    {
        "color": "#DED8F1",
        "ids": [
            60,
            99,
            112,
            222,
            231
        ]
    },
    {
        "color": "#91AAD6",
        "ids": [
            63,
            126
        ]
    },
    {
        "color": "#EE9586",
        "ids": [
            66,
            78,
            80,
            94,
            107,
            287
        ]
    },
    {
        "color": "#53568F",
        "ids": [
            68,
            129,
            153,
            159,
            171,
            191,
            196,
            264
        ]
    },
    {
        "color": "#6A6DC7",
        "ids": [
            70,
            166
        ]
    },
    {
        "color": "#0E1E3E",
        "ids": [
            71,
            87,
            128,
            206,
            279,
            300
        ]
    },
    {
        "color": "#434993",
        "ids": [
            79,
            132,
            163,
            177,
            218
        ]
    },
    {
        "color": "#A1A3CA",
        "ids": [
            84
        ]
    },
    {
        "color": "#B9413B",
        "ids": [
            104,
            105,
            111,
            130,
            276,
            297,
            305
        ]
    },
    {
        "color": "#9A4D55",
        "ids": [
            106,
            237
        ]
    },
    {
        "color": "#E9D4D7",
        "ids": [
            110,
            220,
            248,
            269,
            289,
            298
        ]
    },
    {
        "color": "#AEC3E4",
        "ids": [
            120,
            158,
            242,
            266
        ]
    },
    {
        "color": "#F3623D",
        "ids": [
            121
        ]
    },
    {
        "color": "#5A2F4D",
        "ids": [
            122,
            274,
            283
        ]
    },
    {
        "color": "#E47662",
        "ids": [
            124,
            161,
            280
        ]
    },
    {
        "color": "#EDA994",
        "ids": [
            127,
            134,
            172,
            183,
            229,
            292
        ]
    },
    {
        "color": "#383A88",
        "ids": [
            136,
            263
        ]
    },
    {
        "color": "#25304D",
        "ids": [
            137,
            268,
            295
        ]
    },
    {
        "color": "#8C3D36",
        "ids": [
            143,
            270,
            299
        ]
    },
    {
        "color": "#8F5267",
        "ids": [
            149
        ]
    },
    {
        "color": "#E0BEBB",
        "ids": [
            152,
            286
        ]
    },
    {
        "color": "#322533",
        "ids": [
            175,
            210
        ]
    },
    {
        "color": "#CD432E",
        "ids": [
            180,
            282
        ]
    },
    {
        "color": "#F6AC82",
        "ids": [
            181
        ]
    },
    {
        "color": "#FA9C69",
        "ids": [
            184,
            217
        ]
    },
    {
        "color": "#F4C29F",
        "ids": [
            186
        ]
    },
    {
        "color": "#A5261B",
        "ids": [
            188,
            275
        ]
    },
    {
        "color": "#816998",
        "ids": [
            189
        ]
    },
    {
        "color": "#E17F7B",
        "ids": [
            195,
            250
        ]
    },
    {
        "color": "#BF5647",
        "ids": [
            197
        ]
    },
    {
        "color": "#E3EFF8",
        "ids": [
            204,
            226
        ]
    },
    {
        "color": "#F3E7DE",
        "ids": [
            205,
            251
        ]
    },
    {
        "color": "#B96058",
        "ids": [
            213
        ]
    },
    {
        "color": "#181823",
        "ids": [
            214
        ]
    },
    {
        "color": "#D4CED5",
        "ids": [
            221
        ]
    },
    {
        "color": "#414A6E",
        "ids": [
            223,
            291
        ]
    },
    {
        "color": "#A44136",
        "ids": [
            233
        ]
    },
    {
        "color": "#63ABDF",
        "ids": [
            236,
            294
        ]
    },
    {
        "color": "#C8767A",
        "ids": [
            240
        ]
    },
    {
        "color": "#E75629",
        "ids": [
            245
        ]
    },
    {
        "color": "#B4D8EF",
        "ids": [
            259
        ]
    },
    {
        "color": "#648BC8",
        "ids": [
            265,
            304
        ]
    },
    {
        "color": "#565167",
        "ids": [
            277
        ]
    },
    {
        "color": "#4E45AA",
        "ids": [
            303
        ]
    }
]