[
    {
        "color": "#E8E7E6",
        "ids": [
            1,
            3,
            12,
            20,
            23,
            42,
            44,
            47,
            222,
            226,
            234,
            238
        ]
    },
    {
        "color": "#151619",
        "ids": [
            2,
            8,
            9,
            30,
            32,
            35,
            49,
            57,
            64,
            121,
            135,
            165,
            174
        ]
    },
    {
        "color": "#E8D5CB",
        "ids": [
            4,
            6,
            16,
            18,
            24,
            27,
            36,
            37,
            46,
            94,
            103,
            111,
            117,
            146
        ]
    },
    {
        "color": "#DD5E51",
        "ids": [
            5,
            89,
            203,
            251
        ]
    },
    {
        "color": "#C53E34",
        "ids": [
            7,
            10,
            11,
            13,
            14,
            15,
            17,
            21,
            22,
            38,
            40,
            48,
            61,
            104,
            142,
            184,
            204,
            225,
            245,
            269
        ]
    },
    {
        "color": "#D77F6D",
        "ids": [
            19,
            91,
            95,
            112,
            156,
            191,
            265,
            277
        ]
    },
    {
        "color": "#27262A",
        "ids": [
            25,
            28,
            29,
            31,
            60,
            62,
            66,
            92,
            101,
            131,
            145,
            152,
            163,
            164,
            168,
            177,
            185,
            186,
            189,
            196,
            220,
            227,
            231,
            235,
            248,
            253,
            255,
            256,
            262,
            272,
            286
        ]
    },
    {
        "color": "#AE4237",
        "ids": [
            26,
            33,
            45,
            99,
            171,
            180,
            236,
            266
        ]
    },
    {
        "color": "#393538",
        "ids": [
            34,
            69,
            79,
            81,
            86,
            97,
            118,
            120,
            124,
            126,
            132,
            133,
            140,
            151,
            154,
            160,
            161,
            175,
            176,
            181,
            183,
            190,
            197,
            198,
            201,
            208,
            218,
            242,
            252,
            274,
            282
        ]
    },
    {
        "color": "#D0CAC8",
        "ids": [
            39,
            87,
            188,
            221,
            249,
            258,
            260,
            267,
            270
        ]
    },
    {
        "color": "#94685D",
        "ids": [
            41,
            70,
            82,
            88,
            90,
            107,
            116,
            285
        ]
    },
    {
        "color": "#5E5B5C",
        "ids": [
            43,
            51,
            54,
            73,
            76,
            77,
            106,
            108,
            123,
            129,
            141,
            144,
            148,
            149,
            182,
            199,
            211,
            228,
            230,
            232,
            233,
            240,
            246,
            250,
            263
        ]
    },
    {
        "color": "#474445",
        "ids": [
            50,
            71,
            74,
            83,
            137,
            173,
            209,
            210,
            237,
            239,
            241,
            259,
            261,
            271,
            280,
            281
        ]
    },
    {
        "color": "#B9A4A5",
        "ids": [
            52,
            110,
            125,
            150,
            153,
            207,
            229,
            254,
            279
        ]
    },
    {
        "color": "#D89B8A",
        "ids": [
            53,
            65,
            80,
            105,
            139,
            283
        ]
    },
    {
        "color": "#5F241B",
        "ids": [
            55,
            159
        ]
    },
    {
        "color": "#DBBDB8",
        "ids": [
            56,
            93,
            130,
            169,
            216,
            219
        ]
    },
    {
        "color": "#726E6F",
        "ids": [
            58,
            75,
            158,
            193,
            195,
            212,
            217,
            276,
            284
        ]
    },
    {
        "color": "#514E54",
        "ids": [
            59,
            172
        ]
    },
    {
        "color": "#2A1510",
        "ids": [
            63,
            68,
            72,
            98,
            102,
            119,
            127,
            162,
            206,
            224
        ]
    },
    {
        "color": "#B9B5B4",
        "ids": [
            67,
            84,
            114,
            128,
            136,
            166,
            202
        ]
    },
    {
        "color": "#775B58",
        "ids": [
            78,
            200,
            243
        ]
    },
    {
        "color": "#938A90",
        "ids": [
            85,
            96,
            178,
            187,
            275
        ]
    },
    {
        "color": "#3D1A16",
        "ids": [
            100,
            143
        ]
    },
    {
        "color": "#E3A89E",
        "ids": [
            109,
            138,
            205,
            264
        ]
    },
    {
        "color": "#99312B",
        "ids": [
            113,
            194
        ]
    },
    {
        "color": "#723C38",
        "ids": [
            115
        ]
    },
    {
        "color": "#734D4A",
        "ids": [
            122
        ]
    },
    {
        "color": "#782E27",
        "ids": [
            134
        ]
    },
    {
        "color": "#CDA39E",
        "ids": [
            147
        ]
    },
    {
        "color": "#AE665A",
        "ids": [
            155,
            273
        ]
    },
    {
        "color": "#B38B7E",
        "ids": [
            157
        ]
    },
    {
        "color": "#A3514D",
        "ids": [
            167,
            179,
            268
        ]
    },
    {
        "color": "#7F767F",
        "ids": [
            170,
            192
        ]
    },
    {
        "color": "#3D2729",
        "ids": [
            213,
            223
        ]
    },
    {
        "color": "#C56561",
        "ids": [
            214,
            215,
            244
        ]
    },
    {
        "color": "#AD7B6A",
        "ids": [
            247
        ]
    },
    {
        "color": "#A79493",
        "ids": [
            257
        ]
    },
    {
        "color": "#C67F78",
        "ids": [
            278
        ]
    }
]