[
    {
        "color": "#F9FAFC",
        "ids": [
            1,
            2,
            3,
            5,
            9,
            10,
            13,
            15,
            18,
            20,
            23,
            41,
            59,
            60,
            229,
            239,
            265,
            409,
            419
        ]
    },
    {
        "color": "#F99C23",
        "ids": [
            4,
            19,
            45,
            69,
            72,
            145,
            149,
            177,
            178,
            180,
            198,
            241,
            262,
            335,
            354,
            407,
            422
        ]
    },
    {
        "color": "#272C3F",
        "ids": [
            6,
            7,
            43,
            51,
            55,
            58,
            62,
            67,
            68,
            209,
            258,
            273,
            305,
            345,
            351,
            398
        ]
    },
    {
        "color": "#5B5661",
        "ids": [
            8,
            12,
            100,
            286
        ]
    },
    {
        "color": "#F6E1C4",
        "ids": [
            11,
            26,
            34,
            63,
            90,
            102,
            105,
            113,
            115,
            118,
            136,
            143,
            176,
            231,
            232,
            243,
            260,
            283,
            308,
            325,
            327,
            329,
            387,
            388,
            389,
            405,
            412,
            425
        ]
    },
    {
        "color": "#B3D2E4",
        "ids": [
            14
        ]
    },
    {
        "color": "#A0C4DD",
        "ids": [
            16,
            28,
            352
        ]
    },
    {
        "color": "#050F25",
        "ids": [
            17,
            40,
            44,
            104,
            208,
            225,
            274,
            281,
            314,
            317
        ]
    },
    {
        "color": "#473F48",
        "ids": [
            21,
            27,
            94,
            148,
            187,
            291,
            315
        ]
    },
    {
        "color": "#E1E2DA",
        "ids": [
            22,
            30,
            37,
            39,
            82,
            121,
            133,
            185,
            191,
            196,
            288,
            311,
            321,
            348,
            370,
            413,
            415
        ]
    },
    {
        "color": "#030F39",
        "ids": [
            24,
            89
        ]
    },
    {
        "color": "#908441",
        "ids": [
            25,
            124,
            130,
            217
        ]
    },
    {
        "color": "#AF540E",
        "ids": [
            29,
            107,
            253,
            359
        ]
    },
    {
        "color": "#DCAD2F",
        "ids": [
            31,
            192,
            340,
            420
        ]
    },
    {
        "color": "#9E4B1C",
        "ids": [
            32,
            61,
            246,
            256,
            261,
            295,
            320,
            360,
            421
        ]
    },
    {
        "color": "#D9C7B2",
        "ids": [
            33,
            76,
            91,
            119,
            373,
            417
        ]
    },
    {
        "color": "#6D692F",
        "ids": [
            35,
            230,
            236,
            357,
            400
        ]
    },
    {
        "color": "#FA9A0F",
        "ids": [
            36,
            38,
            349,
            380
        ]
    },
    {
        "color": "#E99734",
        "ids": [
            42,
            109,
            166,
            301
        ]
    },
    {
        "color": "#F8F0E1",
        "ids": [
            46,
            64,
            73,
            92,
            96,
            99,
            127,
            132,
            151,
            152,
            156,
            167,
            184,
            207,
            211,
            228,
            242,
            272,
            302,
            375,
            399,
            403
        ]
    },
    {
        "color": "#C95C1B",
        "ids": [
            47,
            57,
            126,
            213,
            306
        ]
    },
    {
        "color": "#DA802E",
        "ids": [
            48,
            159,
            218,
            270,
            276,
            374,
            410
        ]
    },
    {
        "color": "#C5AD9C",
        "ids": [
            49
        ]
    },
    {
        "color": "#6D6568",
        "ids": [
            50,
            337
        ]
    },
    {
        "color": "#F4C290",
        "ids": [
            52,
            110,
            128,
            284,
            339,
            392
        ]
    },
    {
        "color": "#2B3A63",
        "ids": [
            53,
            75,
            137,
            275,
            334,
            424
        ]
    },
    {
        "color": "#F1AB3B",
        "ids": [
            54,
            85,
            123,
            131,
            369,
            379,
            404
        ]
    },
    {
        "color": "#F7830E",
        "ids": [
            56,
            80,
            95,
            248
        ]
    },
    {
        "color": "#6F391A",
        "ids": [
            65,
            331,
            406
        ]
    },
    {
        "color": "#E9CFA0",
        "ids": [
            66,
            77,
            101,
            117,
            165,
            206
        ]
    },
    {
        "color": "#EE7B25",
        "ids": [
            70,
            146,
            201,
            202,
            238,
            266,
            267,
            346,
            411,
            423
        ]
    },
    {
        "color": "#1A1D2A",
        "ids": [
            71,
            87,
            98,
            135,
            163,
            172,
            182,
            247,
            251,
            287,
            296,
            330,
            391,
            397
        ]
    },
    {
        "color": "#D0B159",
        "ids": [
            74
        ]
    },
    {
        "color": "#C1470C",
        "ids": [
            78,
            84,
            120,
            224,
            289
        ]
    },
    {
        "color": "#B6854E",
        "ids": [
            79,
            418
        ]
    },
    {
        "color": "#F4B564",
        "ids": [
            81,
            106,
            134,
            162,
            170,
            183,
            279,
            300,
            361
        ]
    },
    {
        "color": "#EFA553",
        "ids": [
            83,
            189,
            210,
            215,
            368,
            376
        ]
    },
    {
        "color": "#9C5031",
        "ids": [
            86,
            237,
            347
        ]
    },
    {
        "color": "#846D44",
        "ids": [
            88,
            227,
            264,
            362,
            363
        ]
    },
    {
        "color": "#EC7D44",
        "ids": [
            93,
            341
        ]
    },
    {
        "color": "#5E2B1A",
        "ids": [
            97,
            199
        ]
    },
    {
        "color": "#B4562C",
        "ids": [
            103,
            154,
            355
        ]
    },
    {
        "color": "#B39744",
        "ids": [
            108,
            216,
            245
        ]
    },
    {
        "color": "#EA9018",
        "ids": [
            111
        ]
    },
    {
        "color": "#D6AB6F",
        "ids": [
            112
        ]
    },
    {
        "color": "#E75A09",
        "ids": [
            114,
            181,
            292,
            294,
            336,
            372,
            384,
            393,
            394
        ]
    },
    {
        "color": "#6F4640",
        "ids": [
            116,
            220,
            390,
            402
        ]
    },
    {
        "color": "#616D88",
        "ids": [
            122,
            144
        ]
    },
    {
        "color": "#AC8B20",
        "ids": [
            125,
            150,
            244
        ]
    },
    {
        "color": "#4B4818",
        "ids": [
            129,
            204
        ]
    },
    {
        "color": "#322A26",
        "ids": [
            138,
            297
        ]
    },
    {
        "color": "#CE7D48",
        "ids": [
            139,
            188,
            222,
            414
        ]
    },
    {
        "color": "#CE946B",
        "ids": [
            140
        ]
    },
    {
        "color": "#E46022",
        "ids": [
            141,
            168,
            358
        ]
    },
    {
        "color": "#867160",
        "ids": [
            142,
            323,
            353
        ]
    },
    {
        "color": "#2B1C12",
        "ids": [
            147,
            312,
            401
        ]
    },
    {
        "color": "#543830",
        "ids": [
            153,
            194,
            221,
            319,
            416
        ]
    },
    {
        "color": "#852E0B",
        "ids": [
            155,
            157,
            290,
            382
        ]
    },
    {
        "color": "#7B7C34",
        "ids": [
            158
        ]
    },
    {
        "color": "#3E2C14",
        "ids": [
            160,
            233
        ]
    },
    {
        "color": "#8D6822",
        "ids": [
            161
        ]
    },
    {
        "color": "#EFEB8D",
        "ids": [
            164
        ]
    },
    {
        "color": "#CC922A",
        "ids": [
            169
        ]
    },
    {
        "color": "#B6772E",
        "ids": [
            171,
            219,
            249,
            277,
            326,
            364,
            385
        ]
    },
    {
        "color": "#D07519",
        "ids": [
            173,
            338
        ]
    },
    {
        "color": "#508FAD",
        "ids": [
            174
        ]
    },
    {
        "color": "#CFB31F",
        "ids": [
            175,
            193,
            328,
            365
        ]
    },
    {
        "color": "#615D78",
        "ids": [
            179
        ]
    },
    {
        "color": "#6C5955",
        "ids": [
            186,
            309
        ]
    },
    {
        "color": "#DCBA9A",
        "ids": [
            190,
            250
        ]
    },
    {
        "color": "#33364D",
        "ids": [
            195,
            304
        ]
    },
    {
        "color": "#ECB978",
        "ids": [
            197,
            223,
            298,
            303,
            350
        ]
    },
    {
        "color": "#604F30",
        "ids": [
            200,
            212,
            377
        ]
    },
    {
        "color": "#984608",
        "ids": [
            203,
            395
        ]
    },
    {
        "color": "#CADDE0",
        "ids": [
            205,
            278
        ]
    },
    {
        "color": "#AC301C",
        "ids": [
            214
        ]
    },
    {
        "color": "#171110",
        "ids": [
            226,
            386
        ]
    },
    {
        "color": "#755B3D",
        "ids": [
            234
        ]
    },
    {
        "color": "#DA9B47",
        "ids": [
            235,
            310,
            343
        ]
    },
    {
        "color": "#BAA014",
        "ids": [
            240
        ]
    },
    {
        "color": "#EDA06C",
        "ids": [
            252
        ]
    },
    {
        "color": "#AB3E08",
        "ids": [
            254,
            263
        ]
    },
    {
        "color": "#CB5907",
        "ids": [
            255
        ]
    },
    {
        "color": "#E4CE6F",
        "ids": [
            257
        ]
    },
    {
        "color": "#992E0F",
        "ids": [
            259,
            342,
            396
        ]
    },
    {
        "color": "#A07962",
        "ids": [
            268
        ]
    },
    {
        "color": "#5A6139",
        "ids": [
            269
        ]
    },
    {
        "color": "#CDCCCF",
        "ids": [
            271
        ]
    },
    {
        "color": "#A0905B",
        "ids": [
            280,
            333
        ]
    },
    {
        "color": "#ADA39A",
        "ids": [
            282
        ]
    },
    {
        "color": "#485039",
        "ids": [
            285
        ]
    },
    {
        "color": "#C2AC41",
        "ids": [
            293,
            307
        ]
    },
    {
        "color": "#E2D1C2",
        "ids": [
            299
        ]
    },
    {
        "color": "#725517",
        "ids": [
            313,
            318
        ]
    },
    {
        "color": "#3D3136",
        "ids": [
            316,
            371,
            378
        ]
    },
    {
        "color": "#EFDEAD",
        "ids": [
            322,
            383
        ]
    },
    {
        "color": "#A19933",
        "ids": [
            324
        ]
    },
    {
        "color": "#883E1A",
        "ids": [
            332
        ]
    },
    {
        "color": "#DE400F",
        "ids": [
            344
        ]
    },
    {
        "color": "#7DBAD8",
        "ids": [
            356
        ]
    },
    {
        "color": "#EFB721",
        "ids": [
            366
        ]
    },
    {
        "color": "#424F6C",
        "ids": [
            367
        ]
    },
    {
        "color": "#E97004",
        "ids": [
            381
        ]
    },
    {
        "color": "#1B2853",
        "ids": [
            408
        ]
    }
]