[
    {
        "color": "#F4F5F8",
        "ids": [
            1,
            2,
            18,
            28,
            49,
            81,
            84,
            97,
            114,
            133,
            203,
            226,
            268,
            281,
            282,
            306,
            317
        ]
    },
    {
        "color": "#0E1B5D",
        "ids": [
            3,
            35,
            38,
            41,
            44,
            51,
            61,
            63,
            64,
            69,
            83,
            85,
            88,
            95,
            98,
            104,
            110,
            120,
            124,
            125,
            129,
            135,
            140,
            161,
            167,
            170,
            173,
            180,
            202,
            212,
            242,
            244,
            293,
            296,
            303,
            319,
            333
        ]
    },
    {
        "color": "#3C359E",
        "ids": [
            4,
            10,
            11,
            14,
            24,
            29,
            37,
            42,
            43,
            96,
            113,
            137,
            138,
            156,
            187,
            194,
            230,
            250,
            310,
            313,
            334,
            335,
            336,
            342
        ]
    },
    {
        "color": "#FBA335",
        "ids": [
            5,
            6,
            7,
            30,
            31,
            65,
            164,
            181
        ]
    },
    {
        "color": "#F76872",
        "ids": [
            8,
            34,
            45,
            60,
            107,
            178,
            186,
            286,
            322,
            338,
            343
        ]
    },
    {
        "color": "#F99A81",
        "ids": [
            9,
            145,
            150,
            280
        ]
    },
    {
        "color": "#F9D7D1",
        "ids": [
            12,
            15,
            20,
            22,
            27,
            40,
            59,
            100,
            106,
            141,
            157,
            172,
            238,
            308,
            316,
            327
        ]
    },
    {
        "color": "#F7550B",
        "ids": [
            13,
            46,
            52,
            62,
            67,
            74,
            91,
            118,
            130,
            177,
            205,
            209,
            213,
            248
        ]
    },
    {
        "color": "#CAC1E4",
        "ids": [
            16,
            75,
            301
        ]
    },
    {
        "color": "#5244A2",
        "ids": [
            17,
            92,
            206,
            249,
            288,
            340
        ]
    },
    {
        "color": "#ED3434",
        "ids": [
            19,
            89
        ]
    },
    {
        "color": "#2E417B",
        "ids": [
            21,
            36,
            57,
            112,
            162,
            200,
            241,
            290
        ]
    },
    {
        "color": "#EB8127",
        "ids": [
            23,
            50,
            58,
            101,
            253
        ]
    },
    {
        "color": "#FCA4A8",
        "ids": [
            25,
            294,
            300
        ]
    },
    {
        "color": "#F36331",
        "ids": [
            26,
            71,
            151,
            251,
            254,
            315
        ]
    },
    {
        "color": "#807CD5",
        "ids": [
            32,
            191,
            233,
            330
        ]
    },
    {
        "color": "#EE3E0A",
        "ids": [
            33,
            39,
            66,
            93,
            214,
            229,
            309
        ]
    },
    {
        "color": "#312888",
        "ids": [
            47,
            169,
            182,
            257,
            260,
            291,
            337
        ]
    },
    {
        "color": "#304B94",
        "ids": [
            48,
            179
        ]
    },
    {
        "color": "#F8564A",
        "ids": [
            53,
            121,
            276
        ]
    },
    {
        "color": "#FC7B6E",
        "ids": [
            54
        ]
    },
    {
        "color": "#F9961F",
        "ids": [
            55
        ]
    },
    {
        "color": "#4740B3",
        "ids": [
            56,
            324
        ]
    },
    {
        "color": "#F85C5F",
        "ids": [
            68,
            328
        ]
    },
    {
        "color": "#0D1949",
        "ids": [
            70,
            111,
            116,
            134,
            139,
            149,
            166,
            192,
            224,
            232,
            235,
            245,
            261
        ]
    },
    {
        "color": "#F09341",
        "ids": [
            72,
            196,
            252
        ]
    },
    {
        "color": "#ED8E8C",
        "ids": [
            73,
            80,
            190,
            198,
            289
        ]
    },
    {
        "color": "#CE2424",
        "ids": [
            76
        ]
    },
    {
        "color": "#6458C1",
        "ids": [
            77,
            152,
            168,
            175,
            216,
            218,
            258,
            302,
            321,
            325
        ]
    },
    {
        "color": "#696FAA",
        "ids": [
            78,
            215
        ]
    },
    {
        "color": "#5A4DB2",
        "ids": [
            79,
            222
        ]
    },
    {
        "color": "#F07452",
        "ids": [
            82,
            285
        ]
    },
    {
        "color": "#E36268",
        "ids": [
            86
        ]
    },
    {
        "color": "#15217B",
        "ids": [
            87,
            119,
            158,
            201,
            225,
            266,
            275,
            279,
            305,
            320
        ]
    },
    {
        "color": "#DB320F",
        "ids": [
            90,
            99,
            109,
            123,
            174,
            221,
            255,
            329
        ]
    },
    {
        "color": "#F45A1F",
        "ids": [
            94,
            143
        ]
    },
    {
        "color": "#44437E",
        "ids": [
            102,
            155,
            211,
            220,
            307
        ]
    },
    {
        "color": "#243074",
        "ids": [
            103,
            132,
            136,
            176,
            185,
            204,
            219,
            236,
            326
        ]
    },
    {
        "color": "#C83928",
        "ids": [
            105
        ]
    },
    {
        "color": "#724697",
        "ids": [
            108,
            147
        ]
    },
    {
        "color": "#FBEDDB",
        "ids": [
            115
        ]
    },
    {
        "color": "#AC7BE4",
        "ids": [
            117,
            131
        ]
    },
    {
        "color": "#9D76D5",
        "ids": [
            122,
            159,
            312
        ]
    },
    {
        "color": "#070B35",
        "ids": [
            126,
            163
        ]
    },
    {
        "color": "#F2C5C5",
        "ids": [
            127,
            142,
            265,
            270,
            271
        ]
    },
    {
        "color": "#ED6A84",
        "ids": [
            128,
            228,
            292,
            314
        ]
    },
    {
        "color": "#E8E4EF",
        "ids": [
            144,
            146,
            267,
            269,
            274
        ]
    },
    {
        "color": "#C1A7E3",
        "ids": [
            148
        ]
    },
    {
        "color": "#CB78A6",
        "ids": [
            153
        ]
    },
    {
        "color": "#DE5C52",
        "ids": [
            154,
            246
        ]
    },
    {
        "color": "#923051",
        "ids": [
            160
        ]
    },
    {
        "color": "#AAA0D7",
        "ids": [
            165
        ]
    },
    {
        "color": "#BA3314",
        "ids": [
            171,
            311
        ]
    },
    {
        "color": "#D7683C",
        "ids": [
            183
        ]
    },
    {
        "color": "#E1531B",
        "ids": [
            184,
            240,
            259,
            273
        ]
    },
    {
        "color": "#EE97A0",
        "ids": [
            188,
            223,
            227,
            283
        ]
    },
    {
        "color": "#F17216",
        "ids": [
            189,
            304,
            332
        ]
    },
    {
        "color": "#F5BEA7",
        "ids": [
            193,
            298
        ]
    },
    {
        "color": "#ECAC86",
        "ids": [
            195
        ]
    },
    {
        "color": "#908FE2",
        "ids": [
            197
        ]
    },
    {
        "color": "#55588F",
        "ids": [
            199
        ]
    },
    {
        "color": "#202A9F",
        "ids": [
            207,
            318
        ]
    },
    {
        "color": "#412279",
        "ids": [
            208
        ]
    },
    {
        "color": "#E64F32",
        "ids": [
            210,
            278
        ]
    },
    {
        "color": "#D45991",
        "ids": [
            217
        ]
    },
    {
        "color": "#E68DB5",
        "ids": [
            231
        ]
    },
    {
        "color": "#312365",
        "ids": [
            234
        ]
    },
    {
        "color": "#2A2A51",
        "ids": [
            237,
            277,
            287,
            299
        ]
    },
    {
        "color": "#807FA9",
        "ids": [
            239
        ]
    },
    {
        "color": "#DFADCA",
        "ids": [
            243
        ]
    },
    {
        "color": "#8C8FAA",
        "ids": [
            247
        ]
    },
    {
        "color": "#363763",
        "ids": [
            256
        ]
    },
    {
        "color": "#C74650",
        "ids": [
            262,
            341
        ]
    },
    {
        "color": "#1F2142",
        "ids": [
            263
        ]
    },
    {
        "color": "#B7121A",
        "ids": [
            264
        ]
    },
    {
        "color": "#954836",
        "ids": [
            272
        ]
    },
    {
        "color": "#E7D7DD",
        "ids": [
            284
        ]
    },
    {
        "color": "#193488",
        "ids": [
            295
        ]
    },
    {
        "color": "#7F67CB",
        "ids": [
            297
        ]
    },
    {
        "color": "#633C66",
        "ids": [
            323
        ]
    },
    {
        "color": "#C27993",
        "ids": [
            331
        ]
    },
    {
        "color": "#DE3E2B",
        "ids": [
            339
        ]
    }
]