[
    {
        "color": "#F7F6F8",
        "ids": [
            1,
            8,
            22,
            24,
            27,
            39,
            49,
            56,
            66,
            76,
            94
        ]
    },
    {
        "color": "#1A2236",
        "ids": [
            2,
            12,
            17,
            29,
            36,
            41,
            50,
            54,
            89
        ]
    },
    {
        "color": "#416CC2",
        "ids": [
            3,
            7,
            13
        ]
    },
    {
        "color": "#F5815B",
        "ids": [
            4,
            5,
            9,
            91
        ]
    },
    {
        "color": "#FADBCF",
        "ids": [
            6,
            10,
            11,
            15,
            20,
            34,
            42,
            80,
            95
        ]
    },
    {
        "color": "#D23426",
        "ids": [
            14,
            16,
            19,
            21,
            25,
            32,
            35,
            37
        ]
    },
    {
        "color": "#EDC7BF",
        "ids": [
            18,
            52,
            84
        ]
    },
    {
        "color": "#E65547",
        "ids": [
            23,
            53,
            65,
            96
        ]
    },
    {
        "color": "#1C2C48",
        "ids": [
            26,
            79
        ]
    },
    {
        "color": "#EBAB99",
        "ids": [
            28
        ]
    },
    {
        "color": "#203471",
        "ids": [
            30,
            43,
            85
        ]
    },
    {
        "color": "#7889C2",
        "ids": [
            31,
            33
        ]
    },
    {
        "color": "#BE2F20",
        "ids": [
            38,
            58,
            62,
            88
        ]
    },
    {
        "color": "#972C1E",
        "ids": [
            40,
            51,
            63,
            73,
            75
        ]
    },
    {
        "color": "#EDEAEB",
        "ids": [
            44,
            57,
            67,
            69
        ]
    },
    {
        "color": "#D7DADD",
        "ids": [
            45,
            61,
            64,
            72,
            90,
            99
        ]
    },
    {
        "color": "#DE6A5E",
        "ids": [
            46,
            68,
            82,
            97
        ]
    },
    {
        "color": "#D5533C",
        "ids": [
            47,
            74,
            78,
            83,
            92
        ]
    },
    {
        "color": "#395EAD",
        "ids": [
            48,
            55,
            77
        ]
    },
    {
        "color": "#244C97",
        "ids": [
            59
        ]
    },
    {
        "color": "#EB9490",
        "ids": [
            60
        ]
    },
    {
        "color": "#F2B6A9",
        "ids": [
            70
        ]
    },
    {
        "color": "#913D2D",
        "ids": [
            71
        ]
    },
    {
        "color": "#362C2F",
        "ids": [
            81,
            87
        ]
    },
    {
        "color": "#0D131F",
        "ids": [
            86,
            98
        ]
    },
    {
        "color": "#AB2A1C",
        "ids": [
            93
        ]
    }
]