[
    {
        "color": "#D6C4EF",
        "ids": [
            1,
            3,
            19,
            26,
            57,
            78,
            116,
            182,
            209,
            266
        ]
    },
    {
        "color": "#2F3769",
        "ids": [
            2,
            10,
            12,
            14,
            17,
            18,
            23,
            35,
            41,
            51,
            97,
            108,
            113,
            119,
            173,
            179,
            185,
            210,
            225,
            229,
            239,
            245,
            342
        ]
    },
    {
        "color": "#FAFBFC",
        "ids": [
            4,
            7,
            8,
            9,
            21,
            25,
            40,
            45,
            54,
            62,
            85,
            94,
            106,
            193,
            279,
            285,
            293
        ]
    },
    {
        "color": "#6659BA",
        "ids": [
            5,
            49
        ]
    },
    {
        "color": "#F6A22D",
        "ids": [
            6,
            28,
            39,
            64,
            96,
            136,
            149,
            171,
            344
        ]
    },
    {
        "color": "#F3BEA5",
        "ids": [
            11,
            27,
            34,
            42,
            43,
            58,
            66,
            73,
            81,
            125,
            134
        ]
    },
    {
        "color": "#EF8F2C",
        "ids": [
            13,
            70,
            137,
            142
        ]
    },
    {
        "color": "#413094",
        "ids": [
            15,
            44,
            127,
            222,
            257
        ]
    },
    {
        "color": "#F5EAD3",
        "ids": [
            16,
            37,
            177,
            237,
            281,
            282,
            323
        ]
    },
    {
        "color": "#25255C",
        "ids": [
            20,
            22,
            30,
            36,
            48,
            56,
            68,
            72,
            74,
            99,
            114,
            115,
            153,
            160,
            163,
            170,
            176,
            203,
            208,
            211,
            216,
            224,
            232,
            234,
            269,
            273,
            340,
            351,
            359,
            371
        ]
    },
    {
        "color": "#D63F2C",
        "ids": [
            24,
            46,
            47,
            59,
            65,
            75,
            80,
            91,
            157,
            175,
            367
        ]
    },
    {
        "color": "#35267D",
        "ids": [
            29,
            60,
            89,
            310
        ]
    },
    {
        "color": "#4541AB",
        "ids": [
            31,
            84,
            120
        ]
    },
    {
        "color": "#121744",
        "ids": [
            32,
            55,
            63,
            71,
            82,
            98,
            110,
            132,
            140,
            148,
            155,
            183,
            201,
            207,
            220,
            221,
            263,
            278,
            290,
            314,
            333,
            343,
            350,
            365,
            369,
            373,
            375
        ]
    },
    {
        "color": "#E48065",
        "ids": [
            33,
            77,
            111,
            112,
            118,
            126,
            165,
            300,
            328
        ]
    },
    {
        "color": "#F19748",
        "ids": [
            38,
            275,
            374
        ]
    },
    {
        "color": "#C94B51",
        "ids": [
            50
        ]
    },
    {
        "color": "#C04229",
        "ids": [
            52,
            187,
            317
        ]
    },
    {
        "color": "#E35B2D",
        "ids": [
            53,
            76,
            105,
            296
        ]
    },
    {
        "color": "#EDB892",
        "ids": [
            61,
            133,
            145,
            184,
            243,
            286,
            349
        ]
    },
    {
        "color": "#4C4B90",
        "ids": [
            67,
            154,
            196,
            226,
            301,
            303,
            318,
            347
        ]
    },
    {
        "color": "#56457F",
        "ids": [
            69,
            191,
            331
        ]
    },
    {
        "color": "#ECDCE0",
        "ids": [
            79,
            83,
            88,
            100,
            102,
            130,
            198,
            277,
            294,
            305,
            334
        ]
    },
    {
        "color": "#F19075",
        "ids": [
            86,
            107,
            169,
            213,
            289,
            298,
            355
        ]
    },
    {
        "color": "#815045",
        "ids": [
            87,
            204
        ]
    },
    {
        "color": "#F8AF3F",
        "ids": [
            90,
            124,
            194,
            312,
            329
        ]
    },
    {
        "color": "#EDC9B8",
        "ids": [
            92,
            152,
            242,
            256,
            341
        ]
    },
    {
        "color": "#CC6142",
        "ids": [
            93,
            104,
            274,
            326
        ]
    },
    {
        "color": "#D98238",
        "ids": [
            95,
            117,
            304,
            311
        ]
    },
    {
        "color": "#132367",
        "ids": [
            101,
            205,
            307
        ]
    },
    {
        "color": "#EA7021",
        "ids": [
            103,
            188,
            319,
            372
        ]
    },
    {
        "color": "#321F3D",
        "ids": [
            109,
            346,
            360
        ]
    },
    {
        "color": "#B7B3EE",
        "ids": [
            121,
            139,
            223,
            241
        ]
    },
    {
        "color": "#D5D9E3",
        "ids": [
            122,
            162
        ]
    },
    {
        "color": "#D88C11",
        "ids": [
            123
        ]
    },
    {
        "color": "#E3D2D1",
        "ids": [
            128
        ]
    },
    {
        "color": "#58389F",
        "ids": [
            129
        ]
    },
    {
        "color": "#F6541E",
        "ids": [
            131
        ]
    },
    {
        "color": "#D08F70",
        "ids": [
            135,
            254,
            283,
            338
        ]
    },
    {
        "color": "#543081",
        "ids": [
            138,
            255
        ]
    },
    {
        "color": "#523463",
        "ids": [
            141,
            181,
            291
        ]
    },
    {
        "color": "#E7A288",
        "ids": [
            143,
            244,
            246,
            299
        ]
    },
    {
        "color": "#4F58A3",
        "ids": [
            144,
            167,
            202
        ]
    },
    {
        "color": "#D33B40",
        "ids": [
            146
        ]
    },
    {
        "color": "#DE6655",
        "ids": [
            147,
            292,
            368
        ]
    },
    {
        "color": "#E5B1AF",
        "ids": [
            150,
            258,
            354,
            364
        ]
    },
    {
        "color": "#BB959C",
        "ids": [
            151,
            251
        ]
    },
    {
        "color": "#CDBCCD",
        "ids": [
            156,
            159,
            180,
            219,
            308,
            358
        ]
    },
    {
        "color": "#8665DE",
        "ids": [
            158,
            217,
            236,
            261,
            315
        ]
    },
    {
        "color": "#64547B",
        "ids": [
            161
        ]
    },
    {
        "color": "#A674E5",
        "ids": [
            164,
            166,
            168,
            197
        ]
    },
    {
        "color": "#B195CA",
        "ids": [
            172,
            252
        ]
    },
    {
        "color": "#7F5E9B",
        "ids": [
            174,
            186,
            233,
            337
        ]
    },
    {
        "color": "#D89B2D",
        "ids": [
            178,
            215
        ]
    },
    {
        "color": "#FBBE4C",
        "ids": [
            189,
            272,
            336
        ]
    },
    {
        "color": "#794565",
        "ids": [
            190,
            316,
            322
        ]
    },
    {
        "color": "#8D6B90",
        "ids": [
            192
        ]
    },
    {
        "color": "#413C51",
        "ids": [
            195
        ]
    },
    {
        "color": "#11122E",
        "ids": [
            199,
            348
        ]
    },
    {
        "color": "#271C70",
        "ids": [
            200
        ]
    },
    {
        "color": "#81576F",
        "ids": [
            206
        ]
    },
    {
        "color": "#F9F3AE",
        "ids": [
            212
        ]
    },
    {
        "color": "#FA9986",
        "ids": [
            214
        ]
    },
    {
        "color": "#D3995B",
        "ids": [
            218,
            238,
            270
        ]
    },
    {
        "color": "#A44B5C",
        "ids": [
            227
        ]
    },
    {
        "color": "#B63041",
        "ids": [
            228,
            248,
            366
        ]
    },
    {
        "color": "#F2C067",
        "ids": [
            230
        ]
    },
    {
        "color": "#5A46C9",
        "ids": [
            231,
            302
        ]
    },
    {
        "color": "#E8E5F7",
        "ids": [
            235,
            287
        ]
    },
    {
        "color": "#DAA19C",
        "ids": [
            240,
            265,
            335
        ]
    },
    {
        "color": "#AC4D43",
        "ids": [
            247
        ]
    },
    {
        "color": "#7945A5",
        "ids": [
            249
        ]
    },
    {
        "color": "#7F3C8C",
        "ids": [
            250
        ]
    },
    {
        "color": "#392B5C",
        "ids": [
            253
        ]
    },
    {
        "color": "#9B94EB",
        "ids": [
            259,
            325
        ]
    },
    {
        "color": "#EC6D36",
        "ids": [
            260
        ]
    },
    {
        "color": "#959CB6",
        "ids": [
            262
        ]
    },
    {
        "color": "#7657C7",
        "ids": [
            264
        ]
    },
    {
        "color": "#EE7C47",
        "ids": [
            267,
            327
        ]
    },
    {
        "color": "#CF7774",
        "ids": [
            268,
            370
        ]
    },
    {
        "color": "#A77079",
        "ids": [
            271
        ]
    },
    {
        "color": "#AE69C8",
        "ids": [
            276
        ]
    },
    {
        "color": "#F4B280",
        "ids": [
            280,
            356
        ]
    },
    {
        "color": "#F09E5E",
        "ids": [
            284
        ]
    },
    {
        "color": "#FBDAB0",
        "ids": [
            288,
            332
        ]
    },
    {
        "color": "#B1B2CC",
        "ids": [
            295
        ]
    },
    {
        "color": "#9253A7",
        "ids": [
            297
        ]
    },
    {
        "color": "#A793A8",
        "ids": [
            306
        ]
    },
    {
        "color": "#747396",
        "ids": [
            309,
            320
        ]
    },
    {
        "color": "#9780DA",
        "ids": [
            313
        ]
    },
    {
        "color": "#92403D",
        "ids": [
            321,
            353
        ]
    },
    {
        "color": "#C07ED4",
        "ids": [
            324
        ]
    },
    {
        "color": "#732E30",
        "ids": [
            330
        ]
    },
    {
        "color": "#D27B53",
        "ids": [
            339
        ]
    },
    {
        "color": "#E04610",
        "ids": [
            345
        ]
    },
    {
        "color": "#767BC6",
        "ids": [
            352
        ]
    },
    {
        "color": "#D57C9D",
        "ids": [
            357
        ]
    },
    {
        "color": "#9A6CA1",
        "ids": [
            361
        ]
    },
    {
        "color": "#F9D5C8",
        "ids": [
            362
        ]
    },
    {
        "color": "#704638",
        "ids": [
            363
        ]
    }
]