[
    {
        "color": "#EDF1F3",
        "ids": [
            1,
            13,
            16,
            33,
            37,
            52,
            55,
            66,
            74,
            77,
            88,
            105,
            108,
            116,
            181,
            186,
            278,
            317,
            320
        ]
    },
    {
        "color": "#F59433",
        "ids": [
            2,
            4,
            6,
            11,
            34,
            40,
            45,
            165,
            169,
            188,
            277
        ]
    },
    {
        "color": "#151264",
        "ids": [
            3,
            14,
            18,
            20,
            24,
            25,
            26,
            28,
            31,
            38,
            39,
            42,
            44,
            56,
            57,
            69,
            71,
            79,
            87,
            97,
            101,
            107,
            120,
            129,
            140,
            143,
            152,
            156,
            159,
            161,
            172,
            173,
            179,
            189,
            205,
            210,
            212,
            238,
            295,
            305
        ]
    },
    {
        "color": "#F9D1CE",
        "ids": [
            5,
            9,
            15,
            32,
            47,
            53,
            58,
            60,
            61,
            81,
            112,
            153,
            155,
            198,
            253,
            343,
            344
        ]
    },
    {
        "color": "#4A2FC2",
        "ids": [
            7,
            8,
            10,
            35,
            36,
            48,
            50,
            82,
            268
        ]
    },
    {
        "color": "#F47F24",
        "ids": [
            12,
            30,
            54,
            73,
            90,
            135,
            178,
            207,
            209,
            301,
            316
        ]
    },
    {
        "color": "#EB3424",
        "ids": [
            17,
            21,
            67
        ]
    },
    {
        "color": "#181079",
        "ids": [
            19,
            27,
            65,
            70,
            91,
            114,
            131,
            149,
            150,
            171,
            201,
            225,
            231,
            232,
            246,
            254,
            264,
            276,
            299,
            328,
            334
        ]
    },
    {
        "color": "#792482",
        "ids": [
            22
        ]
    },
    {
        "color": "#A1488A",
        "ids": [
            23,
            240
        ]
    },
    {
        "color": "#8B54CC",
        "ids": [
            29,
            43,
            222
        ]
    },
    {
        "color": "#A06BC1",
        "ids": [
            41
        ]
    },
    {
        "color": "#7E2895",
        "ids": [
            46,
            63,
            75
        ]
    },
    {
        "color": "#ED4C15",
        "ids": [
            49,
            109,
            168,
            315,
            322
        ]
    },
    {
        "color": "#3D2299",
        "ids": [
            51,
            64,
            68,
            98,
            123,
            124,
            126,
            157,
            163,
            224,
            227,
            239,
            241,
            258,
            306,
            309
        ]
    },
    {
        "color": "#EC7415",
        "ids": [
            59,
            76,
            96,
            99,
            133,
            134,
            166,
            243,
            248,
            298,
            338
        ]
    },
    {
        "color": "#B55992",
        "ids": [
            62
        ]
    },
    {
        "color": "#FA939D",
        "ids": [
            72,
            89,
            122
        ]
    },
    {
        "color": "#BD6677",
        "ids": [
            78
        ]
    },
    {
        "color": "#4F3A93",
        "ids": [
            80,
            221
        ]
    },
    {
        "color": "#E2E0F8",
        "ids": [
            83,
            250,
            289,
            318,
            323,
            340
        ]
    },
    {
        "color": "#D29BFC",
        "ids": [
            84,
            194
        ]
    },
    {
        "color": "#682E74",
        "ids": [
            85,
            138,
            279
        ]
    },
    {
        "color": "#21128C",
        "ids": [
            86,
            142,
            147,
            220,
            228,
            273,
            291,
            296,
            313
        ]
    },
    {
        "color": "#FBF2DF",
        "ids": [
            92,
            117,
            127,
            162,
            191,
            197,
            217,
            218,
            233,
            263,
            265,
            274,
            281,
            287,
            300,
            311,
            345
        ]
    },
    {
        "color": "#E77D40",
        "ids": [
            93,
            260,
            329,
            330
        ]
    },
    {
        "color": "#5E50A9",
        "ids": [
            94,
            148
        ]
    },
    {
        "color": "#E97B8B",
        "ids": [
            95,
            102,
            235
        ]
    },
    {
        "color": "#391768",
        "ids": [
            100,
            185,
            214,
            292
        ]
    },
    {
        "color": "#6E37B1",
        "ids": [
            103,
            111,
            154,
            230
        ]
    },
    {
        "color": "#2A237F",
        "ids": [
            104,
            251,
            270,
            324,
            333
        ]
    },
    {
        "color": "#7F66DC",
        "ids": [
            106,
            118
        ]
    },
    {
        "color": "#F0A1B5",
        "ids": [
            110,
            128,
            164,
            174,
            199,
            282
        ]
    },
    {
        "color": "#DEBCB8",
        "ids": [
            113
        ]
    },
    {
        "color": "#433EA7",
        "ids": [
            115,
            170
        ]
    },
    {
        "color": "#B3A2EE",
        "ids": [
            119,
            139,
            229,
            339
        ]
    },
    {
        "color": "#0B0C4A",
        "ids": [
            121,
            130,
            146,
            247,
            275
        ]
    },
    {
        "color": "#3F1C7D",
        "ids": [
            125,
            213,
            226,
            319
        ]
    },
    {
        "color": "#B76FBA",
        "ids": [
            132
        ]
    },
    {
        "color": "#F7DFAB",
        "ids": [
            136,
            167,
            200,
            255,
            303,
            321
        ]
    },
    {
        "color": "#6A4ADB",
        "ids": [
            137,
            144,
            202,
            206,
            256,
            310
        ]
    },
    {
        "color": "#F1BBAF",
        "ids": [
            141,
            331,
            336
        ]
    },
    {
        "color": "#D66A82",
        "ids": [
            145
        ]
    },
    {
        "color": "#6926BE",
        "ids": [
            151
        ]
    },
    {
        "color": "#A581C1",
        "ids": [
            158
        ]
    },
    {
        "color": "#CB5520",
        "ids": [
            160
        ]
    },
    {
        "color": "#C29BDC",
        "ids": [
            175,
            192,
            308,
            327,
            332
        ]
    },
    {
        "color": "#FAE8CB",
        "ids": [
            176,
            236
        ]
    },
    {
        "color": "#CEB2D8",
        "ids": [
            177,
            216,
            284
        ]
    },
    {
        "color": "#CDB5EC",
        "ids": [
            180,
            312
        ]
    },
    {
        "color": "#5A3AD2",
        "ids": [
            182,
            183
        ]
    },
    {
        "color": "#5834B4",
        "ids": [
            184,
            190
        ]
    },
    {
        "color": "#291C9C",
        "ids": [
            187,
            288
        ]
    },
    {
        "color": "#D8D1DD",
        "ids": [
            193,
            252,
            257,
            259,
            314,
            335
        ]
    },
    {
        "color": "#EDB370",
        "ids": [
            195,
            261,
            266
        ]
    },
    {
        "color": "#E35D1A",
        "ids": [
            196,
            208,
            223
        ]
    },
    {
        "color": "#E56E2C",
        "ids": [
            203,
            267
        ]
    },
    {
        "color": "#D33D15",
        "ids": [
            204
        ]
    },
    {
        "color": "#281D4E",
        "ids": [
            211
        ]
    },
    {
        "color": "#F5A14E",
        "ids": [
            215,
            304
        ]
    },
    {
        "color": "#E92C4D",
        "ids": [
            219
        ]
    },
    {
        "color": "#37337C",
        "ids": [
            234
        ]
    },
    {
        "color": "#EABCD1",
        "ids": [
            237,
            245,
            326
        ]
    },
    {
        "color": "#495884",
        "ids": [
            242
        ]
    },
    {
        "color": "#572350",
        "ids": [
            244
        ]
    },
    {
        "color": "#AB9DD6",
        "ids": [
            249
        ]
    },
    {
        "color": "#DC6E51",
        "ids": [
            262
        ]
    },
    {
        "color": "#D499CA",
        "ids": [
            269
        ]
    },
    {
        "color": "#872A55",
        "ids": [
            271
        ]
    },
    {
        "color": "#EB617C",
        "ids": [
            272
        ]
    },
    {
        "color": "#4C316D",
        "ids": [
            280
        ]
    },
    {
        "color": "#8977EA",
        "ids": [
            283
        ]
    },
    {
        "color": "#F9A3C8",
        "ids": [
            285
        ]
    },
    {
        "color": "#DF4035",
        "ids": [
            286
        ]
    },
    {
        "color": "#9F4733",
        "ids": [
            290
        ]
    },
    {
        "color": "#8B4A9D",
        "ids": [
            293
        ]
    },
    {
        "color": "#B68EBF",
        "ids": [
            294,
            325
        ]
    },
    {
        "color": "#693F89",
        "ids": [
            297
        ]
    },
    {
        "color": "#A088F7",
        "ids": [
            302
        ]
    },
    {
        "color": "#FA6E2D",
        "ids": [
            307
        ]
    },
    {
        "color": "#C65E4A",
        "ids": [
            337
        ]
    },
    {
        "color": "#E88E75",
        "ids": [
            341
        ]
    },
    {
        "color": "#87386D",
        "ids": [
            342
        ]
    }
]