[
    {
        "color": "#F8F9FA",
        "ids": [
            1,
            4,
            10,
            13,
            16,
            17,
            24,
            25,
            26,
            31,
            33,
            38,
            55,
            61,
            70,
            79,
            85,
            124,
            152,
            243,
            250,
            256,
            258,
            304,
            320,
            321,
            331,
            390,
            394,
            496,
            513,
            543,
            657,
            733,
            739
        ]
    },
    {
        "color": "#C7D0E9",
        "ids": [
            2,
            130,
            179,
            204,
            298,
            431,
            661,
            726,
            732,
            735,
            737
        ]
    },
    {
        "color": "#97B1D5",
        "ids": [
            3,
            5,
            11,
            14,
            15,
            30,
            36,
            51,
            62,
            65,
            71,
            96,
            126,
            140,
            143,
            146,
            201,
            241,
            291,
            297,
            355,
            356,
            398,
            418,
            491,
            504,
            556,
            630,
            644,
            682,
            708,
            717,
            721,
            792
        ]
    },
    {
        "color": "#091120",
        "ids": [
            6,
            8,
            9,
            18,
            20,
            27,
            35,
            37,
            42,
            44,
            48,
            50,
            52,
            53,
            54,
            56,
            72,
            77,
            81,
            89,
            100,
            102,
            103,
            109,
            113,
            114,
            120,
            123,
            133,
            147,
            150,
            157,
            161,
            162,
            170,
            175,
            177,
            193,
            195,
            199,
            233,
            251,
            271,
            283,
            346,
            371,
            377,
            378,
            414,
            466,
            489,
            495,
            499,
            536,
            548,
            582,
            611,
            623,
            651,
            652,
            666,
            681,
            740,
            750,
            751,
            765,
            767,
            769,
            796,
            801,
            804,
            808,
            814
        ]
    },
    {
        "color": "#FCD5C1",
        "ids": [
            7,
            29,
            43,
            84,
            91,
            94,
            180,
            208,
            220,
            235,
            246,
            341,
            423,
            451,
            462,
            477,
            483,
            493,
            518,
            531,
            587,
            636,
            660,
            669
        ]
    },
    {
        "color": "#ECECEE",
        "ids": [
            12,
            47,
            75,
            116,
            232,
            255,
            267,
            295,
            314,
            359,
            387,
            410,
            439,
            461,
            498,
            532,
            540,
            542,
            547,
            568,
            585,
            609,
            612,
            622,
            637,
            640,
            662,
            694,
            731,
            752,
            757,
            764,
            768,
            772,
            797,
            818,
            821,
            823
        ]
    },
    {
        "color": "#E7DADC",
        "ids": [
            19,
            23,
            28,
            46,
            60,
            68,
            78,
            99,
            122,
            142,
            166,
            225,
            247,
            278,
            293,
            324,
            335,
            348,
            351,
            366,
            396,
            404,
            424,
            429,
            452,
            564,
            605,
            613,
            629,
            639,
            646,
            744,
            790,
            800,
            803,
            812,
            828,
            833,
            834
        ]
    },
    {
        "color": "#FDE4D1",
        "ids": [
            21,
            22,
            135,
            373,
            407,
            523,
            684
        ]
    },
    {
        "color": "#88A3C9",
        "ids": [
            32,
            58,
            69,
            73,
            95,
            117,
            136,
            138,
            139,
            163,
            181,
            203,
            209,
            223,
            253,
            266,
            292,
            347,
            350,
            427,
            474,
            484,
            557,
            593,
            610,
            621,
            625,
            648,
            656,
            696,
            697,
            741,
            773,
            791
        ]
    },
    {
        "color": "#5D7099",
        "ids": [
            34,
            45,
            82,
            90,
            108,
            127,
            134,
            156,
            210,
            215,
            228,
            242,
            248,
            274,
            296,
            310,
            319,
            332,
            336,
            338,
            344,
            397,
            441,
            459,
            514,
            528,
            537,
            541,
            552,
            570,
            571,
            598,
            603,
            667,
            695,
            712,
            729,
            761,
            775,
            782,
            783,
            795,
            807,
            810,
            815
        ]
    },
    {
        "color": "#798EBA",
        "ids": [
            39,
            41,
            74,
            97,
            110,
            111,
            112,
            145,
            205,
            221,
            240,
            275,
            330,
            333,
            380,
            411,
            448,
            463,
            471,
            472,
            500,
            549,
            555,
            575,
            580,
            638,
            675,
            688,
            704,
            719,
            774,
            799
        ]
    },
    {
        "color": "#FD6B56",
        "ids": [
            40,
            64,
            259,
            273,
            306,
            392,
            445,
            530,
            627,
            692,
            699,
            718,
            722,
            749,
            786,
            788,
            820
        ]
    },
    {
        "color": "#FE4B35",
        "ids": [
            49,
            57,
            87,
            107,
            200,
            213,
            311,
            381,
            467,
            476,
            490,
            492,
            628,
            649,
            683,
            698,
            716
        ]
    },
    {
        "color": "#181D2F",
        "ids": [
            59,
            63,
            67,
            83,
            86,
            88,
            121,
            144,
            149,
            154,
            165,
            188,
            196,
            207,
            212,
            263,
            264,
            284,
            299,
            301,
            327,
            337,
            339,
            388,
            401,
            443,
            453,
            468,
            561,
            602,
            632,
            642,
            653,
            663,
            679,
            680,
            703,
            715,
            755,
            778,
            780,
            785,
            793,
            831
        ]
    },
    {
        "color": "#FDC7B2",
        "ids": [
            66,
            106,
            189,
            222,
            352,
            408,
            450,
            626
        ]
    },
    {
        "color": "#FA2C1C",
        "ids": [
            76,
            132,
            155,
            197,
            244,
            385,
            409,
            460,
            519,
            544,
            592,
            672,
            690,
            753,
            787
        ]
    },
    {
        "color": "#1B0B14",
        "ids": [
            80,
            362,
            383,
            550,
            822
        ]
    },
    {
        "color": "#D11D0F",
        "ids": [
            92,
            101,
            104,
            131,
            151,
            190,
            216,
            254,
            440,
            446,
            454,
            511,
            517,
            533,
            560,
            620,
            700,
            706,
            707
        ]
    },
    {
        "color": "#495073",
        "ids": [
            93,
            105,
            164,
            231,
            268,
            270,
            316,
            322,
            400,
            502,
            525,
            590,
            756,
            826
        ]
    },
    {
        "color": "#542531",
        "ids": [
            98,
            172,
            438,
            455,
            734
        ]
    },
    {
        "color": "#5C7FAA",
        "ids": [
            115,
            129,
            148,
            178,
            183,
            186,
            289,
            313,
            340,
            354,
            358,
            364,
            367,
            412,
            422,
            436,
            494,
            516,
            748,
            824
        ]
    },
    {
        "color": "#393848",
        "ids": [
            118,
            159,
            219,
            236,
            237,
            238,
            249,
            282,
            303,
            312,
            315,
            361,
            403,
            475,
            505,
            522,
            583,
            589,
            635,
            674
        ]
    },
    {
        "color": "#3A426D",
        "ids": [
            119,
            308,
            386,
            413,
            478,
            515,
            538,
            579,
            594,
            604,
            616,
            618,
            673,
            689,
            784
        ]
    },
    {
        "color": "#495F83",
        "ids": [
            125,
            194,
            245,
            252,
            265,
            294,
            300,
            317,
            345,
            402,
            456,
            486,
            501,
            526,
            527,
            529,
            553,
            562,
            572,
            608,
            645,
            647
        ]
    },
    {
        "color": "#A9C1E1",
        "ids": [
            128,
            357,
            727
        ]
    },
    {
        "color": "#924C55",
        "ids": [
            137,
            393
        ]
    },
    {
        "color": "#817A81",
        "ids": [
            141,
            444,
            508,
            631
        ]
    },
    {
        "color": "#F68D76",
        "ids": [
            153,
            171,
            182,
            192,
            290,
            307,
            417,
            432,
            487,
            512,
            566,
            595,
            643,
            691,
            724,
            811
        ]
    },
    {
        "color": "#E1281A",
        "ids": [
            158,
            342,
            343,
            374,
            416,
            437,
            534,
            554,
            581,
            705,
            770,
            819
        ]
    },
    {
        "color": "#202841",
        "ids": [
            160,
            173,
            202,
            224,
            239,
            276,
            277,
            302,
            305,
            323,
            328,
            353,
            369,
            420,
            435,
            458,
            469,
            470,
            479,
            524,
            539,
            551,
            567,
            599,
            634,
            746,
            763,
            779,
            816,
            830
        ]
    },
    {
        "color": "#9D1417",
        "ids": [
            167,
            577,
            619,
            817
        ]
    },
    {
        "color": "#D5776E",
        "ids": [
            168,
            174,
            260,
            262,
            280,
            433,
            449
        ]
    },
    {
        "color": "#F7A891",
        "ids": [
            169,
            229,
            234,
            334,
            574,
            614,
            650,
            743
        ]
    },
    {
        "color": "#FCB99E",
        "ids": [
            176,
            711,
            742
        ]
    },
    {
        "color": "#253557",
        "ids": [
            184,
            218,
            230,
            269,
            281,
            288,
            325,
            419,
            442,
            507,
            615,
            687,
            771,
            832
        ]
    },
    {
        "color": "#B51F1E",
        "ids": [
            185,
            428,
            607
        ]
    },
    {
        "color": "#6E5B7B",
        "ids": [
            187,
            191,
            693
        ]
    },
    {
        "color": "#D9867D",
        "ids": [
            198,
            261,
            360,
            535,
            545
        ]
    },
    {
        "color": "#6E7A91",
        "ids": [
            206,
            405,
            678
        ]
    },
    {
        "color": "#D8CDCD",
        "ids": [
            211,
            285,
            363,
            376,
            485,
            520,
            600,
            601,
            677,
            710,
            738,
            827
        ]
    },
    {
        "color": "#D79593",
        "ids": [
            214,
            384,
            473
        ]
    },
    {
        "color": "#CBBEC8",
        "ids": [
            217,
            257,
            279,
            318,
            725,
            759,
            760,
            829
        ]
    },
    {
        "color": "#FD5550",
        "ids": [
            226,
            309,
            447,
            464,
            709
        ]
    },
    {
        "color": "#B3B6C9",
        "ids": [
            227,
            326,
            503,
            559,
            569,
            825
        ]
    },
    {
        "color": "#341D30",
        "ids": [
            272,
            365,
            584,
            665,
            670,
            798
        ]
    },
    {
        "color": "#48313C",
        "ids": [
            286,
            591,
            776
        ]
    },
    {
        "color": "#F88165",
        "ids": [
            287,
            395,
            482,
            597,
            606,
            702
        ]
    },
    {
        "color": "#E63D30",
        "ids": [
            329,
            382,
            406,
            415,
            481,
            488,
            497,
            521,
            671,
            747,
            806
        ]
    },
    {
        "color": "#7A7CAA",
        "ids": [
            349
        ]
    },
    {
        "color": "#B24040",
        "ids": [
            368,
            375
        ]
    },
    {
        "color": "#38569B",
        "ids": [
            370,
            391
        ]
    },
    {
        "color": "#9E9EB8",
        "ids": [
            372,
            777,
            794
        ]
    },
    {
        "color": "#365783",
        "ids": [
            379,
            465,
            510,
            563
        ]
    },
    {
        "color": "#4D69A3",
        "ids": [
            389,
            576,
            676,
            736,
            809
        ]
    },
    {
        "color": "#C86760",
        "ids": [
            399,
            659,
            766
        ]
    },
    {
        "color": "#2A4A90",
        "ids": [
            421,
            654,
            720
        ]
    },
    {
        "color": "#C1312E",
        "ids": [
            425,
            558,
            565,
            658,
            701
        ]
    },
    {
        "color": "#C4B5B5",
        "ids": [
            426,
            762,
            805
        ]
    },
    {
        "color": "#803742",
        "ids": [
            430
        ]
    },
    {
        "color": "#C5CDD5",
        "ids": [
            434
        ]
    },
    {
        "color": "#454C57",
        "ids": [
            457,
            546
        ]
    },
    {
        "color": "#BD7076",
        "ids": [
            480,
            506,
            668,
            714
        ]
    },
    {
        "color": "#775352",
        "ids": [
            509,
            588
        ]
    },
    {
        "color": "#372445",
        "ids": [
            573
        ]
    },
    {
        "color": "#A22E31",
        "ids": [
            578,
            617
        ]
    },
    {
        "color": "#802226",
        "ids": [
            586,
            624,
            730,
            758
        ]
    },
    {
        "color": "#81709A",
        "ids": [
            596
        ]
    },
    {
        "color": "#B68E96",
        "ids": [
            633,
            813
        ]
    },
    {
        "color": "#E9B9A7",
        "ids": [
            641
        ]
    },
    {
        "color": "#4F3C61",
        "ids": [
            655
        ]
    },
    {
        "color": "#E7C8C0",
        "ids": [
            664,
            723
        ]
    },
    {
        "color": "#4571BD",
        "ids": [
            685,
            789
        ]
    },
    {
        "color": "#759FD3",
        "ids": [
            686,
            745
        ]
    },
    {
        "color": "#16386D",
        "ids": [
            713
        ]
    },
    {
        "color": "#BF8182",
        "ids": [
            728
        ]
    },
    {
        "color": "#C64C50",
        "ids": [
            754
        ]
    },
    {
        "color": "#EE1414",
        "ids": [
            781,
            802
        ]
    }
]