[
    {
        "color": "#FAFAFA",
        "ids": [
            1,
            3,
            5,
            8,
            11,
            12,
            15,
            17,
            21,
            22,
            26,
            30,
            34,
            35,
            42,
            44,
            46,
            49,
            73,
            77,
            84,
            87,
            115,
            119,
            133,
            155,
            169,
            183,
            192,
            267,
            269,
            281,
            455,
            539,
            566,
            600,
            704,
            711,
            740,
            752,
            832
        ]
    },
    {
        "color": "#9DA9E5",
        "ids": [
            2,
            31,
            37,
            116,
            135,
            144,
            172,
            191,
            243,
            367,
            407,
            425,
            473,
            541,
            577,
            587,
            620,
            622,
            691,
            804,
            817,
            907
        ]
    },
    {
        "color": "#040631",
        "ids": [
            4,
            6,
            13,
            19,
            20,
            24,
            25,
            27,
            28,
            29,
            33,
            39,
            45,
            47,
            57,
            63,
            67,
            83,
            85,
            90,
            91,
            95,
            105,
            111,
            113,
            117,
            118,
            123,
            136,
            143,
            148,
            153,
            161,
            173,
            189,
            193,
            215,
            256,
            258,
            274,
            286,
            299,
            305,
            309,
            312,
            313,
            317,
            319,
            331,
            333,
            342,
            375,
            383,
            384,
            393,
            403,
            413,
            415,
            444,
            451,
            487,
            489,
            508,
            517,
            519,
            536,
            554,
            561,
            586,
            591,
            602,
            634,
            644,
            646,
            660,
            673,
            686,
            738,
            741,
            780,
            785,
            786,
            823,
            849,
            851,
            858,
            891,
            897,
            902,
            910,
            911
        ]
    },
    {
        "color": "#8F97DB",
        "ids": [
            7,
            18,
            58,
            109,
            125,
            146,
            151,
            304,
            316,
            340,
            478,
            501,
            510,
            512,
            614,
            621,
            656,
            787,
            842
        ]
    },
    {
        "color": "#F7E3D9",
        "ids": [
            9,
            10,
            38,
            56,
            64,
            65,
            75,
            94,
            98,
            102,
            150,
            168,
            182,
            185,
            218,
            219,
            273,
            297,
            347,
            397,
            400,
            427,
            452,
            461,
            511,
            592,
            677,
            736,
            753,
            761,
            816,
            818,
            830,
            855,
            905
        ]
    },
    {
        "color": "#FD4843",
        "ids": [
            14,
            23,
            40,
            59,
            74,
            78,
            79,
            80,
            92,
            93,
            145,
            187,
            197,
            255,
            284,
            285,
            315,
            321,
            360,
            373,
            395,
            414,
            471,
            522,
            608,
            612,
            626,
            702,
            807
        ]
    },
    {
        "color": "#020453",
        "ids": [
            16,
            53,
            66,
            100,
            120,
            134,
            210,
            245,
            268,
            277,
            293,
            300,
            310,
            346,
            371,
            430,
            453,
            454,
            509,
            567,
            573,
            590,
            599,
            616,
            624,
            659,
            680,
            694,
            703,
            722,
            739,
            745,
            747,
            798,
            822,
            869,
            871
        ]
    },
    {
        "color": "#1F1981",
        "ids": [
            32,
            43,
            61,
            62,
            68,
            76,
            96,
            114,
            124,
            129,
            138,
            158,
            163,
            165,
            188,
            212,
            253,
            270,
            307,
            330,
            351,
            356,
            376,
            378,
            419,
            421,
            422,
            429,
            431,
            465,
            482,
            492,
            518,
            524,
            525,
            526,
            543,
            548,
            560,
            562,
            570,
            582,
            598,
            650,
            658,
            672,
            698,
            718,
            744,
            758,
            814,
            820,
            841
        ]
    },
    {
        "color": "#15104B",
        "ids": [
            36,
            51,
            55,
            162,
            180,
            221,
            226,
            227,
            231,
            262,
            296,
            370,
            372,
            468,
            475,
            540,
            657,
            674,
            685,
            699,
            707,
            765,
            766,
            771,
            875
        ]
    },
    {
        "color": "#01011D",
        "ids": [
            41,
            50,
            82,
            128,
            141,
            142,
            167,
            195,
            232,
            241,
            254,
            318,
            325,
            433,
            434,
            443,
            464,
            474,
            537,
            544,
            627,
            655,
            661,
            681,
            693,
            696,
            748,
            750,
            803,
            868,
            878,
            898,
            913
        ]
    },
    {
        "color": "#D8DBE4",
        "ids": [
            48,
            52,
            60,
            70,
            72,
            89,
            101,
            140,
            164,
            196,
            199,
            224,
            233,
            235,
            238,
            242,
            247,
            257,
            329,
            336,
            350,
            352,
            353,
            417,
            423,
            432,
            441,
            516,
            542,
            555,
            558,
            615,
            619,
            668,
            720,
            725,
            749,
            802,
            819,
            844,
            850,
            867,
            870,
            880,
            893
        ]
    },
    {
        "color": "#8281C8",
        "ids": [
            54,
            139,
            203,
            398,
            399,
            408,
            565,
            676,
            800,
            806
        ]
    },
    {
        "color": "#24139C",
        "ids": [
            69,
            103,
            152,
            179,
            275,
            466,
            467,
            630,
            705,
            706,
            734,
            768
        ]
    },
    {
        "color": "#2D218D",
        "ids": [
            71,
            86,
            171,
            252,
            260,
            344,
            365,
            392,
            484,
            503,
            594,
            709,
            732,
            757,
            783,
            821,
            834,
            836
        ]
    },
    {
        "color": "#C8C8DF",
        "ids": [
            81,
            99,
            174,
            220,
            381,
            405,
            456,
            472,
            488,
            563,
            789,
            847,
            863
        ]
    },
    {
        "color": "#1C296B",
        "ids": [
            88,
            131,
            287,
            290,
            301,
            359,
            391,
            442,
            569,
            653,
            671,
            751,
            788,
            796,
            854,
            889
        ]
    },
    {
        "color": "#453491",
        "ids": [
            97,
            108,
            130,
            156,
            205,
            213,
            223,
            294,
            354,
            401,
            585,
            640
        ]
    },
    {
        "color": "#262C58",
        "ids": [
            104,
            184,
            259,
            533,
            550,
            618,
            648,
            728,
            862,
            890
        ]
    },
    {
        "color": "#F77D91",
        "ids": [
            106,
            112,
            282,
            460,
            632,
            679,
            717,
            848,
            864
        ]
    },
    {
        "color": "#3528A3",
        "ids": [
            107,
            341,
            357,
            502,
            535,
            596,
            636,
            692,
            767,
            782,
            824,
            835
        ]
    },
    {
        "color": "#E15668",
        "ids": [
            110,
            201,
            362,
            363,
            534,
            568,
            610,
            669,
            683,
            729,
            794,
            861
        ]
    },
    {
        "color": "#A31A34",
        "ids": [
            121,
            211,
            364,
            547,
            690,
            714,
            737
        ]
    },
    {
        "color": "#F4C0AD",
        "ids": [
            122,
            545
        ]
    },
    {
        "color": "#F2CBD3",
        "ids": [
            126,
            248,
            643,
            888
        ]
    },
    {
        "color": "#7E4C80",
        "ids": [
            127,
            449,
            721,
            843
        ]
    },
    {
        "color": "#443241",
        "ids": [
            132,
            825
        ]
    },
    {
        "color": "#765E6F",
        "ids": [
            137,
            208
        ]
    },
    {
        "color": "#060408",
        "ids": [
            147,
            166,
            385,
            708
        ]
    },
    {
        "color": "#8928AE",
        "ids": [
            149,
            154
        ]
    },
    {
        "color": "#D83143",
        "ids": [
            157,
            250,
            261,
            272,
            515,
            578,
            631,
            647,
            684,
            712,
            810,
            833,
            860,
            900,
            904
        ]
    },
    {
        "color": "#B32D65",
        "ids": [
            159,
            303,
            448,
            837
        ]
    },
    {
        "color": "#D9C0D5",
        "ids": [
            160,
            240,
            572,
            603,
            625,
            635,
            652,
            746,
            755
        ]
    },
    {
        "color": "#F8505A",
        "ids": [
            170,
            176,
            202,
            263,
            323,
            406,
            458,
            678,
            792,
            846,
            903
        ]
    },
    {
        "color": "#F69B90",
        "ids": [
            175,
            214,
            225,
            324,
            361,
            377,
            389,
            642,
            811
        ]
    },
    {
        "color": "#E72C31",
        "ids": [
            177,
            178,
            222,
            369,
            499,
            557,
            609,
            623,
            700,
            809,
            865
        ]
    },
    {
        "color": "#D32037",
        "ids": [
            181,
            217,
            797
        ]
    },
    {
        "color": "#2D49AB",
        "ids": [
            186,
            311,
            335,
            412,
            486,
            773
        ]
    },
    {
        "color": "#E7EAEF",
        "ids": [
            190,
            249,
            251,
            436,
            500,
            551,
            552,
            629,
            662,
            840
        ]
    },
    {
        "color": "#121123",
        "ids": [
            194,
            278,
            366,
            394,
            507,
            607,
            687
        ]
    },
    {
        "color": "#AF0C82",
        "ids": [
            198
        ]
    },
    {
        "color": "#F5407F",
        "ids": [
            200
        ]
    },
    {
        "color": "#190E6E",
        "ids": [
            204,
            306,
            420,
            447,
            459,
            477,
            494,
            496,
            559,
            641,
            716,
            756,
            808,
            813
        ]
    },
    {
        "color": "#303B6B",
        "ids": [
            206,
            379,
            538,
            628,
            828
        ]
    },
    {
        "color": "#FA6889",
        "ids": [
            207,
            663,
            770,
            776
        ]
    },
    {
        "color": "#682250",
        "ids": [
            209,
            237,
            654,
            723,
            793,
            876
        ]
    },
    {
        "color": "#C0A0B8",
        "ids": [
            216,
            576
        ]
    },
    {
        "color": "#883554",
        "ids": [
            228,
            617
        ]
    },
    {
        "color": "#C92D7B",
        "ids": [
            229,
            279
        ]
    },
    {
        "color": "#D45C9A",
        "ids": [
            230
        ]
    },
    {
        "color": "#2F4586",
        "ids": [
            234,
            409
        ]
    },
    {
        "color": "#DA7B7D",
        "ids": [
            236,
            504
        ]
    },
    {
        "color": "#BF2A40",
        "ids": [
            239,
            246,
            440,
            795
        ]
    },
    {
        "color": "#4F1B3B",
        "ids": [
            244,
            435,
            606
        ]
    },
    {
        "color": "#4E427D",
        "ids": [
            264,
            731
        ]
    },
    {
        "color": "#E39CAA",
        "ids": [
            265,
            695
        ]
    },
    {
        "color": "#824C9F",
        "ids": [
            266,
            790,
            812
        ]
    },
    {
        "color": "#E2ADBC",
        "ids": [
            271,
            445,
            483,
            491
        ]
    },
    {
        "color": "#261E37",
        "ids": [
            276,
            665,
            688
        ]
    },
    {
        "color": "#B4B2D2",
        "ids": [
            280,
            288,
            348,
            358,
            480,
            638,
            675,
            730,
            839,
            852,
            912
        ]
    },
    {
        "color": "#A62F4B",
        "ids": [
            283,
            402,
            575,
            743
        ]
    },
    {
        "color": "#D2A495",
        "ids": [
            289
        ]
    },
    {
        "color": "#C997A5",
        "ids": [
            291,
            778,
            884
        ]
    },
    {
        "color": "#5D32AC",
        "ids": [
            292,
            885
        ]
    },
    {
        "color": "#92263B",
        "ids": [
            295,
            553,
            604
        ]
    },
    {
        "color": "#B6BBE9",
        "ids": [
            298,
            374,
            462,
            762,
            763,
            895
        ]
    },
    {
        "color": "#606EBF",
        "ids": [
            302,
            349,
            368,
            529
        ]
    },
    {
        "color": "#3514C0",
        "ids": [
            308
        ]
    },
    {
        "color": "#481254",
        "ids": [
            314,
            320
        ]
    },
    {
        "color": "#0B1D8B",
        "ids": [
            322,
            438,
            521,
            523,
            664,
            883
        ]
    },
    {
        "color": "#D11F4F",
        "ids": [
            326,
            426,
            781
        ]
    },
    {
        "color": "#EC7765",
        "ids": [
            327,
            386,
            530,
            724,
            779,
            873
        ]
    },
    {
        "color": "#FE302C",
        "ids": [
            328,
            457,
            581,
            719,
            845
        ]
    },
    {
        "color": "#CAC2C6",
        "ids": [
            332,
            815
        ]
    },
    {
        "color": "#F86449",
        "ids": [
            334,
            764,
            887
        ]
    },
    {
        "color": "#705EAD",
        "ids": [
            337,
            355,
            838,
            899
        ]
    },
    {
        "color": "#643F9B",
        "ids": [
            338,
            481,
            733,
            872
        ]
    },
    {
        "color": "#E4DAD4",
        "ids": [
            339
        ]
    },
    {
        "color": "#B09AD1",
        "ids": [
            343,
            667
        ]
    },
    {
        "color": "#38133E",
        "ids": [
            345
        ]
    },
    {
        "color": "#994693",
        "ids": [
            380
        ]
    },
    {
        "color": "#A9849F",
        "ids": [
            382
        ]
    },
    {
        "color": "#5F4AC7",
        "ids": [
            387,
            769,
            874
        ]
    },
    {
        "color": "#674740",
        "ids": [
            388
        ]
    },
    {
        "color": "#9A848C",
        "ids": [
            390
        ]
    },
    {
        "color": "#C8B3E0",
        "ids": [
            396
        ]
    },
    {
        "color": "#8A6DB5",
        "ids": [
            404
        ]
    },
    {
        "color": "#341E7A",
        "ids": [
            410
        ]
    },
    {
        "color": "#1D1EAF",
        "ids": [
            411,
            450
        ]
    },
    {
        "color": "#131638",
        "ids": [
            416
        ]
    },
    {
        "color": "#3879CC",
        "ids": [
            418
        ]
    },
    {
        "color": "#75315F",
        "ids": [
            424,
            531
        ]
    },
    {
        "color": "#B53E52",
        "ids": [
            428,
            506
        ]
    },
    {
        "color": "#F9AF6C",
        "ids": [
            437
        ]
    },
    {
        "color": "#AE4B6E",
        "ids": [
            439
        ]
    },
    {
        "color": "#E21723",
        "ids": [
            446,
            532
        ]
    },
    {
        "color": "#8194B1",
        "ids": [
            463,
            588
        ]
    },
    {
        "color": "#2A0C1E",
        "ids": [
            469
        ]
    },
    {
        "color": "#CFAFB6",
        "ids": [
            470
        ]
    },
    {
        "color": "#A1B8D6",
        "ids": [
            476,
            742
        ]
    },
    {
        "color": "#F98D7E",
        "ids": [
            479,
            493,
            866
        ]
    },
    {
        "color": "#C45291",
        "ids": [
            485,
            906
        ]
    },
    {
        "color": "#9C387F",
        "ids": [
            490
        ]
    },
    {
        "color": "#6E25DC",
        "ids": [
            495
        ]
    },
    {
        "color": "#251457",
        "ids": [
            497,
            649,
            760
        ]
    },
    {
        "color": "#203ABD",
        "ids": [
            498
        ]
    },
    {
        "color": "#7361D4",
        "ids": [
            505
        ]
    },
    {
        "color": "#EC3048",
        "ids": [
            513,
            589,
            593,
            713
        ]
    },
    {
        "color": "#745E50",
        "ids": [
            514
        ]
    },
    {
        "color": "#FD656F",
        "ids": [
            520,
            710,
            831,
            908
        ]
    },
    {
        "color": "#051063",
        "ids": [
            527,
            670,
            689,
            857,
            894
        ]
    },
    {
        "color": "#C49AD0",
        "ids": [
            528
        ]
    },
    {
        "color": "#D2729A",
        "ids": [
            546
        ]
    },
    {
        "color": "#E6434C",
        "ids": [
            549
        ]
    },
    {
        "color": "#090CA1",
        "ids": [
            556
        ]
    },
    {
        "color": "#425CA6",
        "ids": [
            564,
            879
        ]
    },
    {
        "color": "#C84B61",
        "ids": [
            571,
            633
        ]
    },
    {
        "color": "#E8667F",
        "ids": [
            574,
            853,
            881
        ]
    },
    {
        "color": "#DC997D",
        "ids": [
            579
        ]
    },
    {
        "color": "#7774B4",
        "ids": [
            580
        ]
    },
    {
        "color": "#FC865E",
        "ids": [
            583,
            877
        ]
    },
    {
        "color": "#333CC6",
        "ids": [
            584,
            651
        ]
    },
    {
        "color": "#936B96",
        "ids": [
            595
        ]
    },
    {
        "color": "#C35977",
        "ids": [
            597
        ]
    },
    {
        "color": "#E0BB9C",
        "ids": [
            601,
            799
        ]
    },
    {
        "color": "#4836CA",
        "ids": [
            605
        ]
    },
    {
        "color": "#7C7A96",
        "ids": [
            611
        ]
    },
    {
        "color": "#969EC8",
        "ids": [
            613,
            775
        ]
    },
    {
        "color": "#6A3BB9",
        "ids": [
            637
        ]
    },
    {
        "color": "#D43D55",
        "ids": [
            639,
            715,
            901
        ]
    },
    {
        "color": "#ED8D9D",
        "ids": [
            645,
            827
        ]
    },
    {
        "color": "#E15B54",
        "ids": [
            666
        ]
    },
    {
        "color": "#49227C",
        "ids": [
            682
        ]
    },
    {
        "color": "#39149F",
        "ids": [
            697
        ]
    },
    {
        "color": "#80B9E4",
        "ids": [
            701
        ]
    },
    {
        "color": "#050D7C",
        "ids": [
            726
        ]
    },
    {
        "color": "#AC7AC4",
        "ids": [
            727,
            791
        ]
    },
    {
        "color": "#440E8F",
        "ids": [
            735,
            856
        ]
    },
    {
        "color": "#648ACF",
        "ids": [
            754
        ]
    },
    {
        "color": "#390863",
        "ids": [
            759
        ]
    },
    {
        "color": "#586DD7",
        "ids": [
            772
        ]
    },
    {
        "color": "#1A347D",
        "ids": [
            774
        ]
    },
    {
        "color": "#16359B",
        "ids": [
            777,
            892
        ]
    },
    {
        "color": "#BC67BE",
        "ids": [
            784
        ]
    },
    {
        "color": "#79A2DB",
        "ids": [
            801
        ]
    },
    {
        "color": "#944EAC",
        "ids": [
            805
        ]
    },
    {
        "color": "#7178D8",
        "ids": [
            826
        ]
    },
    {
        "color": "#B359A7",
        "ids": [
            829
        ]
    },
    {
        "color": "#52375D",
        "ids": [
            859
        ]
    },
    {
        "color": "#672F8B",
        "ids": [
            882
        ]
    },
    {
        "color": "#D47FB1",
        "ids": [
            886
        ]
    },
    {
        "color": "#E38ABA",
        "ids": [
            896
        ]
    },
    {
        "color": "#ACA4BF",
        "ids": [
            909
        ]
    }
]