[
    {
        "color": "#F6F7FA",
        "ids": [
            1,
            12,
            14,
            27,
            30,
            60,
            77
        ]
    },
    {
        "color": "#222849",
        "ids": [
            2,
            19,
            26,
            58,
            68,
            69
        ]
    },
    {
        "color": "#EF6025",
        "ids": [
            3,
            4,
            6,
            7,
            38
        ]
    },
    {
        "color": "#F9CFB7",
        "ids": [
            5,
            9,
            10,
            46,
            61,
            70
        ]
    },
    {
        "color": "#F6BF9D",
        "ids": [
            8,
            22,
            39
        ]
    },
    {
        "color": "#BD2015",
        "ids": [
            11,
            13,
            25,
            29,
            59,
            62,
            75
        ]
    },
    {
        "color": "#303765",
        "ids": [
            15
        ]
    },
    {
        "color": "#EA6D4F",
        "ids": [
            16,
            48,
            63
        ]
    },
    {
        "color": "#D02A18",
        "ids": [
            17,
            24,
            41,
            53,
            55,
            74,
            80
        ]
    },
    {
        "color": "#F7A583",
        "ids": [
            18,
            21,
            23,
            31,
            36,
            42
        ]
    },
    {
        "color": "#1C1E37",
        "ids": [
            20
        ]
    },
    {
        "color": "#D6D7DC",
        "ids": [
            28,
            32,
            34,
            40,
            43,
            52,
            54,
            64
        ]
    },
    {
        "color": "#FCEBE4",
        "ids": [
            33,
            45,
            47,
            57
        ]
    },
    {
        "color": "#BD401E",
        "ids": [
            35,
            51,
            79
        ]
    },
    {
        "color": "#E6E7EA",
        "ids": [
            37,
            72
        ]
    },
    {
        "color": "#CB6053",
        "ids": [
            44
        ]
    },
    {
        "color": "#D85D3B",
        "ids": [
            49
        ]
    },
    {
        "color": "#A8B1C0",
        "ids": [
            50,
            73
        ]
    },
    {
        "color": "#DC786B",
        "ids": [
            56
        ]
    },
    {
        "color": "#E43D12",
        "ids": [
            65,
            66
        ]
    },
    {
        "color": "#DAAD9C",
        "ids": [
            67
        ]
    },
    {
        "color": "#C8C7D6",
        "ids": [
            71
        ]
    },
    {
        "color": "#FD856C",
        "ids": [
            76
        ]
    },
    {
        "color": "#CE4C31",
        "ids": [
            78
        ]
    },
    {
        "color": "#97331E",
        "ids": [
            81
        ]
    },
    {
        "color": "#DD4F1C",
        "ids": [
            82
        ]
    }
]