[
    {
        "color": "#CCC2BC",
        "ids": [
            1,
            2,
            11,
            14,
            15,
            28,
            49,
            51,
            54,
            56,
            81,
            110,
            121,
            152,
            191,
            219,
            222,
            270,
            308,
            350,
            382,
            383,
            389,
            403,
            418,
            420,
            428,
            435,
            492,
            524,
            535,
            546,
            556,
            565,
            586,
            587,
            604,
            631,
            672,
            696,
            709,
            741,
            744,
            776,
            818,
            868,
            870,
            903,
            906,
            915
        ]
    },
    {
        "color": "#696873",
        "ids": [
            3,
            12,
            34,
            35,
            40,
            66,
            71,
            79,
            120,
            178,
            211,
            217,
            234,
            283,
            301,
            357,
            366,
            367,
            397,
            419,
            426,
            431,
            452,
            453,
            462,
            470,
            487,
            489,
            498,
            504,
            506,
            531,
            539,
            541,
            588,
            600,
            603,
            615,
            654,
            666,
            699,
            713,
            752,
            759,
            785,
            794,
            807,
            812,
            830,
            835,
            839,
            863,
            879
        ]
    },
    {
        "color": "#292331",
        "ids": [
            4,
            5,
            13,
            16,
            17,
            21,
            24,
            41,
            45,
            55,
            68,
            73,
            82,
            86,
            89,
            96,
            102,
            104,
            108,
            112,
            115,
            129,
            130,
            158,
            168,
            172,
            180,
            183,
            187,
            189,
            223,
            228,
            229,
            230,
            236,
            238,
            244,
            246,
            253,
            303,
            312,
            314,
            317,
            318,
            319,
            330,
            348,
            359,
            364,
            392,
            425,
            481,
            494,
            501,
            509,
            520,
            557,
            585,
            614,
            640,
            648,
            660,
            673,
            676,
            677,
            684,
            763,
            777,
            816,
            825,
            848,
            849,
            872,
            911
        ]
    },
    {
        "color": "#BA6D55",
        "ids": [
            6,
            50,
            57,
            78,
            87,
            101,
            105,
            114,
            125,
            142,
            145,
            173,
            199,
            209,
            224,
            227,
            237,
            240,
            254,
            262,
            267,
            287,
            288,
            300,
            327,
            362,
            368,
            372,
            386,
            387,
            398,
            410,
            412,
            459,
            478,
            495,
            497,
            543,
            558,
            564,
            568,
            574,
            621,
            622,
            629,
            636,
            638,
            661,
            664,
            675,
            692,
            695,
            710,
            711,
            746,
            757,
            765,
            789,
            804,
            806,
            814,
            832,
            853,
            893,
            907,
            908
        ]
    },
    {
        "color": "#D57B53",
        "ids": [
            7,
            8,
            23,
            29,
            48,
            90,
            92,
            202,
            293,
            295,
            345,
            361,
            376,
            448,
            532,
            712,
            801
        ]
    },
    {
        "color": "#B8B2B1",
        "ids": [
            9,
            31,
            134,
            153,
            156,
            157,
            165,
            179,
            212,
            252,
            260,
            268,
            275,
            313,
            338,
            352,
            355,
            360,
            381,
            405,
            422,
            473,
            507,
            522,
            530,
            536,
            545,
            594,
            601,
            602,
            610,
            613,
            630,
            658,
            705,
            707,
            735,
            753,
            756,
            771
        ]
    },
    {
        "color": "#383944",
        "ids": [
            10,
            19,
            22,
            30,
            38,
            46,
            52,
            80,
            88,
            91,
            97,
            100,
            107,
            126,
            127,
            132,
            135,
            151,
            163,
            194,
            208,
            215,
            232,
            247,
            249,
            258,
            284,
            305,
            337,
            349,
            356,
            377,
            385,
            401,
            409,
            423,
            427,
            434,
            440,
            442,
            444,
            446,
            450,
            464,
            469,
            482,
            496,
            513,
            517,
            534,
            540,
            559,
            563,
            571,
            620,
            647,
            652,
            670,
            679,
            680,
            697,
            718,
            722,
            723,
            730,
            750,
            762,
            769,
            770,
            784,
            822,
            843,
            866,
            887,
            901,
            913
        ]
    },
    {
        "color": "#CCA89F",
        "ids": [
            18,
            42,
            63,
            106,
            144,
            171,
            310,
            538,
            591,
            745
        ]
    },
    {
        "color": "#4B4A58",
        "ids": [
            20,
            39,
            65,
            83,
            94,
            123,
            146,
            174,
            175,
            188,
            190,
            193,
            197,
            207,
            226,
            243,
            250,
            257,
            265,
            281,
            282,
            289,
            297,
            298,
            302,
            307,
            311,
            321,
            326,
            332,
            340,
            363,
            413,
            421,
            424,
            439,
            458,
            471,
            483,
            488,
            510,
            553,
            566,
            567,
            576,
            581,
            583,
            589,
            597,
            612,
            617,
            619,
            627,
            628,
            644,
            646,
            649,
            656,
            659,
            691,
            708,
            717,
            731,
            733,
            736,
            740,
            749,
            774,
            798,
            811,
            829,
            836,
            838,
            846,
            857,
            858,
            860,
            869,
            871,
            888,
            890,
            894,
            897,
            902,
            904
        ]
    },
    {
        "color": "#A2624A",
        "ids": [
            25,
            37,
            72,
            84,
            113,
            117,
            124,
            147,
            164,
            384,
            391,
            393,
            400,
            406,
            438,
            454,
            467,
            480,
            528,
            533,
            561,
            562,
            608,
            618,
            637,
            639,
            645,
            655,
            671,
            687,
            693,
            721,
            739,
            747,
            761,
            766,
            790,
            802,
            813,
            851,
            854,
            883,
            910
        ]
    },
    {
        "color": "#694A4F",
        "ids": [
            26,
            64,
            119,
            122,
            137,
            167,
            213,
            242,
            266,
            271,
            272,
            273,
            309,
            370,
            375,
            404,
            414,
            415,
            484,
            542,
            549,
            573,
            598,
            607,
            641,
            668,
            688,
            734,
            758,
            782,
            783,
            824,
            864,
            896
        ]
    },
    {
        "color": "#787587",
        "ids": [
            27,
            43,
            44,
            85,
            99,
            148,
            155,
            160,
            220,
            235,
            248,
            261,
            269,
            277,
            280,
            358,
            395,
            407,
            429,
            485,
            514,
            616,
            642,
            657,
            700,
            716,
            768,
            772,
            780,
            815,
            819,
            850,
            877,
            892
        ]
    },
    {
        "color": "#967E9F",
        "ids": [
            32,
            116,
            140,
            159,
            396,
            447,
            511,
            548,
            754,
            826
        ]
    },
    {
        "color": "#DCD2C6",
        "ids": [
            33,
            205,
            343,
            491,
            799
        ]
    },
    {
        "color": "#262C45",
        "ids": [
            36,
            290,
            529
        ]
    },
    {
        "color": "#BB7868",
        "ids": [
            47,
            61,
            177,
            259,
            324,
            329,
            334,
            346,
            373,
            479,
            792,
            886
        ]
    },
    {
        "color": "#5D4F79",
        "ids": [
            53,
            184,
            185,
            210,
            251,
            285,
            320,
            331,
            380,
            417,
            437,
            465,
            475,
            521,
            579,
            590,
            702,
            714,
            719,
            743,
            751,
            793,
            803,
            834,
            900
        ]
    },
    {
        "color": "#AA8F8D",
        "ids": [
            58,
            149,
            198,
            201,
            216,
            218,
            231,
            241,
            255,
            274,
            328,
            339,
            443,
            445,
            474,
            486,
            493,
            502,
            503,
            505,
            537,
            551,
            584,
            611,
            625,
            665,
            674,
            683,
            737,
            760,
            796,
            810,
            831,
            852,
            862,
            876,
            878,
            880,
            898,
            912
        ]
    },
    {
        "color": "#7A6262",
        "ids": [
            59,
            60,
            128,
            195,
            203,
            206,
            256,
            276,
            294,
            322,
            374,
            411,
            441,
            477,
            508,
            523,
            575,
            681,
            689,
            694,
            726,
            775,
            795,
            837,
            891
        ]
    },
    {
        "color": "#85739B",
        "ids": [
            62,
            703,
            715,
            786
        ]
    },
    {
        "color": "#9B7F7C",
        "ids": [
            67,
            75,
            162,
            170,
            186,
            299,
            335,
            365,
            371,
            388,
            490,
            518,
            519,
            572,
            599,
            606,
            663,
            669,
            690,
            724,
            805,
            842,
            845
        ]
    },
    {
        "color": "#BB9EAC",
        "ids": [
            69,
            347,
            578,
            580,
            595,
            605,
            651
        ]
    },
    {
        "color": "#95553F",
        "ids": [
            70,
            109,
            166,
            278,
            306,
            344,
            369,
            764,
            787,
            873
        ]
    },
    {
        "color": "#1A1B26",
        "ids": [
            74,
            143,
            552
        ]
    },
    {
        "color": "#605C65",
        "ids": [
            76,
            139,
            141,
            221,
            225,
            239,
            245,
            351,
            451,
            463,
            512,
            626,
            725,
            728,
            742,
            748,
            755,
            778,
            905
        ]
    },
    {
        "color": "#5F403F",
        "ids": [
            77,
            93,
            95,
            111,
            136,
            138,
            176,
            181,
            182,
            192,
            196,
            200,
            315,
            325,
            353,
            354,
            476,
            544,
            609,
            624,
            635,
            685,
            808,
            820,
            827,
            833,
            844,
            855,
            884
        ]
    },
    {
        "color": "#462C2D",
        "ids": [
            98,
            131,
            161,
            214,
            263,
            526,
            643,
            662,
            686,
            738,
            767
        ]
    },
    {
        "color": "#B38479",
        "ids": [
            103,
            286,
            399,
            570,
            632,
            701
        ]
    },
    {
        "color": "#CE927E",
        "ids": [
            118,
            291,
            296,
            341,
            569,
            633,
            773,
            828
        ]
    },
    {
        "color": "#3B3262",
        "ids": [
            133,
            204,
            342,
            433,
            466,
            525,
            554,
            821
        ]
    },
    {
        "color": "#9998A2",
        "ids": [
            150,
            169,
            323,
            378,
            379,
            416,
            430,
            436,
            457,
            461,
            550,
            577,
            698,
            720,
            727,
            859,
            861,
            865,
            885,
            895
        ]
    },
    {
        "color": "#7988A3",
        "ids": [
            154,
            704,
            847,
            882
        ]
    },
    {
        "color": "#314765",
        "ids": [
            233,
            408,
            499,
            547,
            682
        ]
    },
    {
        "color": "#405C83",
        "ids": [
            264,
            292,
            791
        ]
    },
    {
        "color": "#87574E",
        "ids": [
            279,
            333,
            336,
            390,
            402,
            667,
            856,
            867,
            874,
            881
        ]
    },
    {
        "color": "#926763",
        "ids": [
            304,
            394,
            432,
            515,
            596,
            729
        ]
    },
    {
        "color": "#25375E",
        "ids": [
            316,
            899
        ]
    },
    {
        "color": "#BE8E8B",
        "ids": [
            449,
            500
        ]
    },
    {
        "color": "#734336",
        "ids": [
            455,
            560,
            653,
            800,
            875
        ]
    },
    {
        "color": "#A097BA",
        "ids": [
            456,
            889
        ]
    },
    {
        "color": "#888389",
        "ids": [
            460,
            623,
            781,
            817,
            841,
            909
        ]
    },
    {
        "color": "#826E77",
        "ids": [
            468,
            797
        ]
    },
    {
        "color": "#ABA39E",
        "ids": [
            472
        ]
    },
    {
        "color": "#735B81",
        "ids": [
            516,
            555,
            592
        ]
    },
    {
        "color": "#4F5E73",
        "ids": [
            527,
            634,
            779,
            809
        ]
    },
    {
        "color": "#7C4649",
        "ids": [
            582
        ]
    },
    {
        "color": "#D17768",
        "ids": [
            593
        ]
    },
    {
        "color": "#49304C",
        "ids": [
            650
        ]
    },
    {
        "color": "#8A61A6",
        "ids": [
            678
        ]
    },
    {
        "color": "#4F446E",
        "ids": [
            706
        ]
    },
    {
        "color": "#D6BBA9",
        "ids": [
            732
        ]
    },
    {
        "color": "#E08F69",
        "ids": [
            788,
            823
        ]
    },
    {
        "color": "#647192",
        "ids": [
            840,
            914
        ]
    }
]