[
    {
        "color": "#DDD8D4",
        "ids": [
            1,
            4,
            7,
            12,
            14,
            77,
            124,
            170,
            281,
            398,
            432,
            515,
            581,
            718,
            719,
            791,
            806,
            815
        ]
    },
    {
        "color": "#72707E",
        "ids": [
            2,
            60,
            61,
            63,
            66,
            70,
            122,
            128,
            131,
            147,
            151,
            165,
            190,
            191,
            201,
            220,
            223,
            231,
            250,
            298,
            303,
            328,
            336,
            358,
            367,
            369,
            387,
            426,
            433,
            435,
            474,
            477,
            497,
            498,
            521,
            552,
            578,
            630,
            644,
            649,
            660,
            670,
            677,
            692,
            724,
            730,
            743,
            755,
            759,
            770,
            773,
            782,
            807,
            808,
            818,
            825,
            832,
            835,
            839,
            850,
            860,
            878,
            924
        ]
    },
    {
        "color": "#34333E",
        "ids": [
            3,
            15,
            16,
            18,
            19,
            20,
            25,
            31,
            34,
            45,
            51,
            75,
            85,
            86,
            92,
            97,
            98,
            101,
            109,
            125,
            137,
            138,
            139,
            143,
            164,
            194,
            195,
            200,
            207,
            236,
            239,
            254,
            258,
            261,
            266,
            272,
            287,
            288,
            312,
            323,
            324,
            334,
            346,
            355,
            360,
            361,
            391,
            405,
            419,
            425,
            428,
            442,
            452,
            455,
            461,
            463,
            464,
            476,
            484,
            509,
            523,
            530,
            536,
            544,
            545,
            554,
            562,
            566,
            568,
            582,
            592,
            597,
            621,
            622,
            628,
            636,
            643,
            655,
            675,
            699,
            702,
            722,
            736,
            738,
            739,
            746,
            793,
            797,
            829,
            843,
            847,
            852,
            879,
            893,
            897,
            901,
            916,
            921
        ]
    },
    {
        "color": "#272635",
        "ids": [
            5,
            21,
            24,
            26,
            28,
            30,
            39,
            50,
            55,
            71,
            81,
            100,
            106,
            113,
            115,
            132,
            134,
            149,
            216,
            217,
            246,
            256,
            315,
            338,
            386,
            470,
            492,
            507,
            531,
            589,
            706,
            766,
            786,
            884
        ]
    },
    {
        "color": "#91837C",
        "ids": [
            6,
            68,
            142,
            172,
            181,
            183,
            225,
            230,
            247,
            249,
            337,
            400,
            411,
            415,
            436,
            446,
            502,
            527,
            540,
            547,
            556,
            579,
            593,
            603,
            631,
            634,
            641,
            662,
            712,
            723,
            754,
            768,
            787,
            799,
            819,
            842,
            851,
            888,
            905
        ]
    },
    {
        "color": "#3B4558",
        "ids": [
            8,
            40,
            54,
            69,
            72,
            73,
            78,
            87,
            119,
            120,
            133,
            144,
            148,
            157,
            167,
            174,
            178,
            206,
            213,
            219,
            224,
            235,
            265,
            290,
            306,
            313,
            333,
            340,
            344,
            348,
            354,
            362,
            379,
            393,
            401,
            450,
            479,
            499,
            501,
            517,
            524,
            549,
            558,
            564,
            601,
            618,
            640,
            652,
            654,
            669,
            674,
            681,
            707,
            709,
            715,
            720,
            734,
            748,
            764,
            794,
            814,
            861,
            872,
            891,
            894,
            913
        ]
    },
    {
        "color": "#CF7958",
        "ids": [
            9,
            17,
            22,
            32,
            41,
            42,
            64,
            99,
            158,
            162,
            188,
            293,
            317,
            423,
            863
        ]
    },
    {
        "color": "#181B24",
        "ids": [
            10,
            47,
            67,
            108,
            245,
            260,
            300,
            329
        ]
    },
    {
        "color": "#B0988D",
        "ids": [
            11,
            13,
            37,
            49,
            53,
            58,
            175,
            208,
            227,
            372,
            399,
            466,
            608,
            668,
            745,
            750,
            762,
            805,
            811,
            865,
            874,
            911
        ]
    },
    {
        "color": "#CBADA9",
        "ids": [
            23,
            43,
            48,
            76,
            89,
            226,
            318,
            357,
            373,
            374,
            459,
            508,
            532,
            588,
            590,
            606,
            611,
            710,
            783,
            885,
            895
        ]
    },
    {
        "color": "#BAA69A",
        "ids": [
            27,
            203,
            286,
            331,
            332,
            406,
            424,
            457,
            482,
            605
        ]
    },
    {
        "color": "#524A55",
        "ids": [
            29,
            33,
            35,
            36,
            91,
            94,
            140,
            161,
            177,
            187,
            214,
            273,
            285,
            291,
            301,
            307,
            325,
            351,
            382,
            389,
            390,
            413,
            454,
            458,
            480,
            483,
            488,
            495,
            500,
            503,
            526,
            546,
            563,
            600,
            602,
            614,
            623,
            679,
            688,
            693,
            704,
            711,
            713,
            756,
            774,
            779,
            796,
            809,
            820,
            831,
            858,
            867,
            881,
            903,
            922
        ]
    },
    {
        "color": "#433E47",
        "ids": [
            38,
            104,
            121,
            141,
            234,
            262,
            375,
            396,
            422,
            473,
            511,
            516,
            591,
            678,
            871
        ]
    },
    {
        "color": "#BCB9C1",
        "ids": [
            44,
            65,
            83,
            114,
            117,
            150,
            154,
            159,
            166,
            198,
            204,
            212,
            228,
            237,
            241,
            253,
            255,
            259,
            263,
            267,
            276,
            283,
            310,
            319,
            365,
            383,
            388,
            394,
            407,
            414,
            429,
            430,
            443,
            453,
            486,
            489,
            504,
            525,
            580,
            613,
            615,
            616,
            617,
            620,
            639,
            642,
            683,
            684,
            703,
            708,
            729,
            731,
            744,
            749,
            753,
            777,
            788,
            836,
            837,
            841,
            844,
            866,
            875,
            876,
            887,
            906
        ]
    },
    {
        "color": "#D0CAC9",
        "ids": [
            46,
            57,
            80,
            116,
            123,
            136,
            189,
            205,
            326,
            376,
            395,
            522,
            543,
            573,
            583,
            584,
            607,
            650,
            697,
            923
        ]
    },
    {
        "color": "#A75E47",
        "ids": [
            52,
            79,
            96,
            160,
            192,
            196,
            202,
            274,
            368,
            384,
            465,
            505,
            519,
            537,
            560,
            570,
            577,
            610,
            645,
            658,
            663,
            687,
            696,
            700,
            732,
            742,
            769,
            810,
            845,
            853,
            877,
            900,
            909
        ]
    },
    {
        "color": "#7A7D8D",
        "ids": [
            56,
            127,
            252,
            284,
            534,
            574,
            576,
            725,
            757,
            785,
            817,
            849,
            919
        ]
    },
    {
        "color": "#5A3430",
        "ids": [
            59,
            93,
            118,
            146,
            173,
            182,
            242,
            308,
            409,
            491,
            604,
            633,
            685,
            694,
            695,
            775,
            778,
            882
        ]
    },
    {
        "color": "#A0A0B4",
        "ids": [
            62,
            169,
            176,
            184,
            229,
            302,
            305,
            314,
            320,
            327,
            339,
            345,
            364,
            441,
            510,
            553,
            586,
            627,
            653,
            676,
            682,
            733,
            737,
            760,
            765,
            776,
            816,
            834,
            848,
            862,
            914
        ]
    },
    {
        "color": "#675158",
        "ids": [
            74,
            84,
            221,
            370,
            438,
            449,
            468,
            514,
            559,
            587,
            595,
            626,
            648,
            651,
            656,
            716,
            727,
            735,
            758,
            763,
            771,
            781,
            789,
            802,
            804,
            821,
            830,
            840,
            856,
            870,
            880,
            883,
            886,
            890,
            917
        ]
    },
    {
        "color": "#594244",
        "ids": [
            82,
            95,
            126,
            145,
            572,
            665,
            741,
            813,
            899
        ]
    },
    {
        "color": "#DC896A",
        "ids": [
            88,
            112,
            180,
            635,
            889,
            912
        ]
    },
    {
        "color": "#635979",
        "ids": [
            90,
            105,
            197,
            270,
            289,
            292,
            309,
            322,
            330,
            353,
            377,
            397,
            403,
            410,
            417,
            427,
            448,
            462,
            478,
            481,
            485,
            512,
            533,
            539,
            541,
            569,
            598,
            609,
            637,
            638,
            666,
            705,
            726,
            751,
            780,
            795,
            798,
            823,
            908,
            915
        ]
    },
    {
        "color": "#8A8CA4",
        "ids": [
            102,
            130,
            155,
            171,
            257,
            275,
            277,
            296,
            347,
            366,
            378,
            404,
            416,
            487,
            596,
            690,
            701,
            822,
            892,
            907
        ]
    },
    {
        "color": "#8F5547",
        "ids": [
            103,
            107,
            129,
            232,
            264,
            316,
            341,
            445,
            471,
            632,
            657,
            691,
            714,
            721,
            824,
            855,
            920
        ]
    },
    {
        "color": "#77473D",
        "ids": [
            110,
            168,
            179,
            248,
            299,
            408,
            528,
            538,
            555,
            585,
            728
        ]
    },
    {
        "color": "#BB6A4E",
        "ids": [
            111,
            135,
            156,
            193,
            211,
            343,
            380,
            381,
            434,
            513,
            518,
            529,
            561,
            571,
            612,
            646,
            671,
            686,
            833,
            838
        ]
    },
    {
        "color": "#BC7C69",
        "ids": [
            152,
            279,
            350,
            385,
            392,
            548,
            551,
            800,
            904
        ]
    },
    {
        "color": "#735869",
        "ids": [
            153,
            163,
            209,
            222,
            271,
            282,
            294,
            349,
            352,
            437,
            490,
            494,
            506,
            535,
            624,
            659,
            898,
            918
        ]
    },
    {
        "color": "#372421",
        "ids": [
            185
        ]
    },
    {
        "color": "#D0A395",
        "ids": [
            186,
            472,
            717,
            868,
            910
        ]
    },
    {
        "color": "#9C8E93",
        "ids": [
            199,
            210,
            342,
            412,
            431,
            456,
            467,
            496,
            594,
            664,
            689,
            698,
            857
        ]
    },
    {
        "color": "#54496B",
        "ids": [
            215,
            218,
            238,
            244,
            402,
            418,
            469,
            475,
            567,
            625,
            647,
            673,
            747,
            792,
            826,
            828,
            902
        ]
    },
    {
        "color": "#462C2D",
        "ids": [
            233
        ]
    },
    {
        "color": "#7F6966",
        "ids": [
            240,
            440,
            493,
            520,
            550,
            761,
            767,
            846,
            864
        ]
    },
    {
        "color": "#8F615A",
        "ids": [
            243,
            251,
            304,
            335,
            460,
            557,
            784,
            803
        ]
    },
    {
        "color": "#3A3154",
        "ids": [
            268,
            278,
            444,
            629
        ]
    },
    {
        "color": "#AD6D5D",
        "ids": [
            269,
            565,
            672,
            680,
            812,
            873
        ]
    },
    {
        "color": "#9B716B",
        "ids": [
            280,
            421,
            619,
            667
        ]
    },
    {
        "color": "#E7C8BB",
        "ids": [
            295,
            439,
            854
        ]
    },
    {
        "color": "#79618D",
        "ids": [
            297,
            752
        ]
    },
    {
        "color": "#A68481",
        "ids": [
            311,
            359
        ]
    },
    {
        "color": "#B79FBC",
        "ids": [
            321,
            371,
            451,
            859,
            896
        ]
    },
    {
        "color": "#8E789F",
        "ids": [
            356,
            869
        ]
    },
    {
        "color": "#896577",
        "ids": [
            363,
            790
        ]
    },
    {
        "color": "#463669",
        "ids": [
            420
        ]
    },
    {
        "color": "#D3997E",
        "ids": [
            447,
            772
        ]
    },
    {
        "color": "#A695A4",
        "ids": [
            542,
            740,
            801
        ]
    },
    {
        "color": "#6D3B2C",
        "ids": [
            575
        ]
    },
    {
        "color": "#7E4E50",
        "ids": [
            599,
            661
        ]
    },
    {
        "color": "#C48380",
        "ids": [
            827
        ]
    }
]