[
    {
        "color": "#F6F8FA",
        "ids": [
            1,
            2,
            13,
            18,
            29,
            32,
            40,
            43,
            55,
            59,
            74,
            118,
            181,
            632,
            1033
        ]
    },
    {
        "color": "#1A2135",
        "ids": [
            3,
            21,
            25,
            60,
            92,
            96,
            97,
            128,
            136,
            159,
            166,
            200,
            254,
            277,
            296,
            297,
            345,
            402,
            461,
            497,
            528,
            545,
            606,
            613,
            658,
            875,
            881,
            895,
            965,
            983,
            1008,
            1022,
            1030,
            1131
        ]
    },
    {
        "color": "#F5F3E6",
        "ids": [
            4,
            5,
            9,
            12,
            15,
            30,
            33,
            41,
            49,
            64,
            66,
            67,
            83,
            117,
            133,
            140,
            206,
            318,
            467,
            468,
            494,
            510,
            607,
            654,
            1011,
            1067,
            1116
        ]
    },
    {
        "color": "#FB910A",
        "ids": [
            6,
            14,
            19,
            56,
            57,
            58,
            62,
            69,
            86,
            93,
            109,
            110,
            138,
            143,
            193,
            253,
            262,
            264,
            269,
            287,
            289,
            319,
            325,
            346,
            354,
            365,
            371,
            375,
            387,
            403,
            518,
            550,
            556,
            672,
            736,
            750,
            834,
            903,
            919,
            967,
            974,
            1014,
            1021,
            1077,
            1112
        ]
    },
    {
        "color": "#A6C6D3",
        "ids": [
            7
        ]
    },
    {
        "color": "#FBDFAE",
        "ids": [
            8,
            39,
            50,
            61,
            107,
            137,
            141,
            178,
            201,
            221,
            259,
            267,
            272,
            298,
            333,
            361,
            362,
            363,
            380,
            390,
            436,
            440,
            447,
            480,
            493,
            500,
            527,
            573,
            602,
            609,
            619,
            648,
            655,
            674,
            682,
            714,
            721,
            723,
            733,
            808,
            831,
            856,
            901,
            909,
            952,
            955,
            1000,
            1005,
            1007,
            1036,
            1048,
            1052,
            1057,
            1087,
            1088,
            1090,
            1114
        ]
    },
    {
        "color": "#0B0F22",
        "ids": [
            10,
            20,
            48,
            52,
            63,
            68,
            75,
            80,
            102,
            112,
            167,
            170,
            194,
            225,
            258,
            312,
            483,
            501,
            536,
            653,
            689,
            698,
            770,
            913,
            973,
            996,
            1056
        ]
    },
    {
        "color": "#554C53",
        "ids": [
            11,
            146,
            210,
            301,
            351,
            763,
            769,
            958
        ]
    },
    {
        "color": "#4E3E42",
        "ids": [
            16,
            79,
            222,
            313,
            434,
            643,
            758,
            830,
            876,
            891,
            899,
            939,
            1015,
            1066,
            1127
        ]
    },
    {
        "color": "#3A333D",
        "ids": [
            17,
            35,
            45,
            228,
            236,
            237,
            275,
            353,
            587,
            623,
            628,
            704,
            712,
            914,
            1044
        ]
    },
    {
        "color": "#FA5C05",
        "ids": [
            22,
            38,
            90,
            105,
            135,
            152,
            155,
            158,
            173,
            183,
            321,
            383,
            391,
            414,
            470,
            511,
            533,
            615,
            659,
            709,
            897,
            932,
            979,
            1106
        ]
    },
    {
        "color": "#EC8F1F",
        "ids": [
            23,
            91,
            104,
            116,
            151,
            239,
            260,
            280,
            408,
            417,
            425,
            458,
            463,
            552,
            566,
            571,
            601,
            622,
            684,
            711,
            713,
            725,
            768,
            861,
            878,
            947,
            960,
            1053,
            1063,
            1083
        ]
    },
    {
        "color": "#C94A0A",
        "ids": [
            24,
            36,
            70,
            114,
            160,
            195,
            196,
            203,
            274,
            348,
            420,
            523,
            525,
            539,
            568,
            596,
            617,
            671,
            676,
            694,
            727,
            760,
            765,
            846,
            941,
            982,
            1099,
            1115
        ]
    },
    {
        "color": "#E0D9D1",
        "ids": [
            26,
            87,
            88,
            108,
            243,
            335,
            342,
            350,
            679,
            722,
            747,
            805,
            818,
            857,
            867,
            1026,
            1058,
            1074,
            1089
        ]
    },
    {
        "color": "#A93D0D",
        "ids": [
            27,
            168,
            234,
            245,
            276,
            327,
            347,
            372,
            423,
            530,
            547,
            569,
            575,
            681,
            690,
            693,
            761,
            804,
            821,
            823,
            900,
            968,
            1002,
            1082
        ]
    },
    {
        "color": "#CA9904",
        "ids": [
            28,
            47,
            669,
            910,
            1137
        ]
    },
    {
        "color": "#DFA711",
        "ids": [
            31,
            150,
            1110
        ]
    },
    {
        "color": "#908533",
        "ids": [
            34,
            187,
            252,
            261,
            364,
            657,
            1029,
            1096
        ]
    },
    {
        "color": "#D77113",
        "ids": [
            37,
            94,
            111,
            226,
            278,
            308,
            373,
            396,
            439,
            448,
            475,
            485,
            640,
            641,
            651,
            743,
            774,
            776,
            778,
            791,
            807,
            854,
            962,
            992,
            1032,
            1050,
            1132,
            1139
        ]
    },
    {
        "color": "#FA9F1A",
        "ids": [
            42,
            121,
            263,
            303,
            316,
            429,
            616,
            841,
            906
        ]
    },
    {
        "color": "#6B6F28",
        "ids": [
            44,
            53,
            227,
            555,
            576,
            788,
            1064,
            1105
        ]
    },
    {
        "color": "#F9B66F",
        "ids": [
            46,
            317,
            386,
            422,
            455,
            634,
            739,
            775,
            794,
            907,
            1024,
            1078
        ]
    },
    {
        "color": "#FAEDCE",
        "ids": [
            51,
            100,
            169,
            213,
            242,
            256,
            288,
            332,
            370,
            413,
            437,
            438,
            451,
            476,
            522,
            546,
            661,
            683,
            720,
            728,
            793,
            902,
            912,
            961,
            969,
            1023,
            1093
        ]
    },
    {
        "color": "#291E25",
        "ids": [
            54,
            123,
            134,
            149,
            171,
            190,
            219,
            257,
            340,
            366,
            465,
            489,
            502,
            567,
            598,
            645,
            691,
            751,
            773,
            845,
            853,
            877,
            896,
            927,
            940,
            981,
            993,
            1017,
            1122
        ]
    },
    {
        "color": "#D82908",
        "ids": [
            65,
            73,
            172,
            309,
            376,
            515,
            554,
            603,
            656,
            797,
            798,
            819,
            824,
            844,
            957
        ]
    },
    {
        "color": "#857E1C",
        "ids": [
            71,
            85,
            405,
            766,
            839,
            951
        ]
    },
    {
        "color": "#C53102",
        "ids": [
            72,
            175,
            214,
            293,
            516,
            744,
            779,
            1065
        ]
    },
    {
        "color": "#B78408",
        "ids": [
            76,
            367,
            519,
            644,
            701,
            708,
            1086
        ]
    },
    {
        "color": "#E74B01",
        "ids": [
            77,
            130,
            147,
            189,
            192,
            212,
            230,
            251,
            271,
            328,
            456,
            490,
            584,
            599,
            696,
            705,
            724,
            784,
            789,
            832,
            945,
            978,
            1046,
            1133
        ]
    },
    {
        "color": "#1A1A17",
        "ids": [
            78,
            131,
            154,
            590,
            795,
            796,
            923,
            1059,
            1118
        ]
    },
    {
        "color": "#0D0808",
        "ids": [
            81
        ]
    },
    {
        "color": "#86703D",
        "ids": [
            82,
            215,
            255,
            284,
            324,
            374,
            757,
            1130
        ]
    },
    {
        "color": "#72B2D3",
        "ids": [
            84
        ]
    },
    {
        "color": "#F79E3A",
        "ids": [
            89,
            142,
            191,
            235,
            292,
            302,
            338,
            339,
            406,
            441,
            457,
            594,
            604,
            618,
            635,
            678,
            719,
            771,
            782,
            835,
            874,
            915,
            921,
            963,
            1038
        ]
    },
    {
        "color": "#ED7003",
        "ids": [
            95,
            119,
            238,
            265,
            290,
            426,
            427,
            478,
            479,
            534,
            600,
            608,
            610,
            781,
            866,
            873,
            887,
            888,
            987,
            995,
            1084
        ]
    },
    {
        "color": "#464C2F",
        "ids": [
            98,
            145,
            224,
            664,
            702,
            749,
            815,
            840,
            1079
        ]
    },
    {
        "color": "#604016",
        "ids": [
            99,
            186,
            306,
            352,
            385,
            424,
            460,
            578,
            700,
            746,
            870,
            953,
            1045,
            1111,
            1125
        ]
    },
    {
        "color": "#C99B18",
        "ids": [
            101,
            326,
            400
        ]
    },
    {
        "color": "#EB541E",
        "ids": [
            103,
            106,
            185,
            331,
            432,
            538,
            589,
            650,
            677,
            924,
            997,
            1028,
            1072
        ]
    },
    {
        "color": "#8E2416",
        "ids": [
            113,
            197,
            249,
            307,
            469,
            471,
            472,
            512,
            560,
            716,
            756,
            792,
            892,
            1042
        ]
    },
    {
        "color": "#0A234F",
        "ids": [
            115,
            801,
            865,
            1117
        ]
    },
    {
        "color": "#3A2B0B",
        "ids": [
            120,
            199,
            241,
            389,
            553,
            591,
            612,
            633,
            680,
            687,
            699,
            890,
            894,
            988,
            991,
            1031,
            1071
        ]
    },
    {
        "color": "#DFBB75",
        "ids": [
            122,
            349,
            409,
            535,
            675,
            790,
            826,
            864,
            950,
            1055
        ]
    },
    {
        "color": "#F16B1D",
        "ids": [
            124,
            229,
            232,
            329,
            368,
            411,
            466,
            496,
            570,
            780,
            849,
            986,
            1012
        ]
    },
    {
        "color": "#6C542F",
        "ids": [
            125,
            182,
            474,
            513,
            520,
            562,
            585,
            667,
            838,
            1061,
            1062
        ]
    },
    {
        "color": "#CFDFE1",
        "ids": [
            126,
            498
        ]
    },
    {
        "color": "#F08131",
        "ids": [
            127,
            216,
            323,
            454,
            668,
            1027
        ]
    },
    {
        "color": "#9D8321",
        "ids": [
            129,
            176,
            223,
            663,
            673,
            685,
            800,
            871
        ]
    },
    {
        "color": "#D13914",
        "ids": [
            132
        ]
    },
    {
        "color": "#12538D",
        "ids": [
            139
        ]
    },
    {
        "color": "#EEAE49",
        "ids": [
            144,
            177,
            294,
            295,
            299,
            379,
            394,
            481,
            541,
            647,
            787,
            799,
            869,
            872,
            964,
            1109
        ]
    },
    {
        "color": "#6F84A0",
        "ids": [
            148
        ]
    },
    {
        "color": "#EED196",
        "ids": [
            153,
            184,
            282,
            398,
            430,
            443,
            529,
            557,
            660,
            734,
            777,
            803,
            843,
            933,
            938,
            970,
            976,
            1009,
            1010,
            1019,
            1020,
            1039,
            1070,
            1092
        ]
    },
    {
        "color": "#41130A",
        "ids": [
            156,
            336,
            384,
            404,
            431,
            450,
            537,
            548,
            735,
            855,
            920,
            937,
            989,
            1034,
            1060,
            1136
        ]
    },
    {
        "color": "#735850",
        "ids": [
            157,
            180,
            217,
            499,
            917,
            1124
        ]
    },
    {
        "color": "#3F251E",
        "ids": [
            161,
            268,
            393,
            433,
            531,
            629,
            670,
            785,
            1107
        ]
    },
    {
        "color": "#C6B19C",
        "ids": [
            162,
            449,
            453,
            462,
            579,
            597,
            942,
            959
        ]
    },
    {
        "color": "#A46238",
        "ids": [
            163,
            174,
            486,
            630,
            695
        ]
    },
    {
        "color": "#DF804A",
        "ids": [
            164,
            574,
            631,
            1013
        ]
    },
    {
        "color": "#DC6229",
        "ids": [
            165,
            209,
            1001
        ]
    },
    {
        "color": "#F9C687",
        "ids": [
            179,
            314,
            355,
            626,
            755,
            817,
            860,
            935,
            966,
            990
        ]
    },
    {
        "color": "#DEC9B7",
        "ids": [
            188,
            240,
            291,
            415,
            421,
            487,
            532,
            593,
            726,
            762,
            806,
            847,
            984,
            1016,
            1018,
            1043,
            1076,
            1101,
            1108
        ]
    },
    {
        "color": "#5A462A",
        "ids": [
            198,
            381
        ]
    },
    {
        "color": "#6299B8",
        "ids": [
            202
        ]
    },
    {
        "color": "#5D2C11",
        "ids": [
            204,
            407,
            445,
            464,
            495,
            551,
            738,
            741,
            742,
            822,
            848,
            880,
            1098,
            1134
        ]
    },
    {
        "color": "#6B4C09",
        "ids": [
            205,
            300,
            473,
            731,
            740,
            980
        ]
    },
    {
        "color": "#C3702B",
        "ids": [
            207,
            717,
            729,
            1080
        ]
    },
    {
        "color": "#EF9454",
        "ids": [
            208,
            392,
            397
        ]
    },
    {
        "color": "#D1CBC8",
        "ids": [
            211,
            730
        ]
    },
    {
        "color": "#FAD876",
        "ids": [
            218,
            649,
            999,
            1100
        ]
    },
    {
        "color": "#85650C",
        "ids": [
            220,
            416,
            565,
            828,
            882
        ]
    },
    {
        "color": "#723414",
        "ids": [
            231,
            428,
            492,
            586,
            614,
            646,
            737,
            1004,
            1135
        ]
    },
    {
        "color": "#EA3C14",
        "ids": [
            233,
            244,
            583,
            943
        ]
    },
    {
        "color": "#B08865",
        "ids": [
            246,
            639,
            944,
            1049,
            1123
        ]
    },
    {
        "color": "#55643C",
        "ids": [
            247,
            521,
            814
        ]
    },
    {
        "color": "#7F5D2D",
        "ids": [
            248,
            388,
            514,
            893,
            994,
            1094
        ]
    },
    {
        "color": "#B37E1E",
        "ids": [
            250,
            767,
            1120
        ]
    },
    {
        "color": "#884917",
        "ids": [
            266,
            305,
            624,
            715,
            754,
            811,
            908
        ]
    },
    {
        "color": "#AD2602",
        "ids": [
            270,
            315,
            356,
            482,
            977,
            1025,
            1047,
            1075,
            1091
        ]
    },
    {
        "color": "#2A0E05",
        "ids": [
            273,
            1051
        ]
    },
    {
        "color": "#6B1004",
        "ids": [
            279,
            837,
            1006,
            1037,
            1054
        ]
    },
    {
        "color": "#263E61",
        "ids": [
            281,
            399,
            491,
            710,
            851,
            1119
        ]
    },
    {
        "color": "#704323",
        "ids": [
            283,
            972
        ]
    },
    {
        "color": "#DE5F04",
        "ids": [
            285,
            304,
            337,
            343
        ]
    },
    {
        "color": "#E6BF2E",
        "ids": [
            286,
            341,
            559,
            662,
            692,
            820
        ]
    },
    {
        "color": "#EBCD50",
        "ids": [
            310,
            540,
            1102
        ]
    },
    {
        "color": "#45491A",
        "ids": [
            311,
            378,
            971,
            1121
        ]
    },
    {
        "color": "#E68902",
        "ids": [
            320,
            488,
            1095
        ]
    },
    {
        "color": "#CC541E",
        "ids": [
            322,
            745,
            879,
            975
        ]
    },
    {
        "color": "#9D8C57",
        "ids": [
            330,
            506,
            764,
            956,
            1126
        ]
    },
    {
        "color": "#84ACC1",
        "ids": [
            334,
            444,
            544
        ]
    },
    {
        "color": "#B05517",
        "ids": [
            344,
            377,
            503,
            509,
            572,
            588,
            611,
            748,
            889,
            930,
            1104
        ]
    },
    {
        "color": "#E1AF64",
        "ids": [
            357,
            359,
            620,
            706,
            825,
            1073,
            1097
        ]
    },
    {
        "color": "#E39D3E",
        "ids": [
            358,
            382,
            446,
            1035
        ]
    },
    {
        "color": "#445887",
        "ids": [
            360
        ]
    },
    {
        "color": "#F8DF5B",
        "ids": [
            369,
            637,
            732
        ]
    },
    {
        "color": "#98760A",
        "ids": [
            395,
            642,
            833,
            931
        ]
    },
    {
        "color": "#F5C43C",
        "ids": [
            401,
            558,
            561,
            582,
            783,
            863,
            898,
            925,
            998
        ]
    },
    {
        "color": "#9C5229",
        "ids": [
            410,
            954
        ]
    },
    {
        "color": "#704640",
        "ids": [
            412
        ]
    },
    {
        "color": "#957562",
        "ids": [
            418,
            665
        ]
    },
    {
        "color": "#AF9A88",
        "ids": [
            419,
            477,
            505,
            816
        ]
    },
    {
        "color": "#BB4317",
        "ids": [
            435,
            595
        ]
    },
    {
        "color": "#EEDBC1",
        "ids": [
            442,
            636,
            802,
            905,
            1068
        ]
    },
    {
        "color": "#1B2E4F",
        "ids": [
            452,
            886,
            911
        ]
    },
    {
        "color": "#DC7728",
        "ids": [
            459,
            507,
            508,
            922
        ]
    },
    {
        "color": "#B57B4A",
        "ids": [
            484,
            526,
            652
        ]
    },
    {
        "color": "#CF9E59",
        "ids": [
            504,
            827,
            928
        ]
    },
    {
        "color": "#66758C",
        "ids": [
            517,
            686,
            1040
        ]
    },
    {
        "color": "#C31D0C",
        "ids": [
            524,
            1138
        ]
    },
    {
        "color": "#963C1D",
        "ids": [
            542
        ]
    },
    {
        "color": "#D8A574",
        "ids": [
            543,
            926
        ]
    },
    {
        "color": "#D48C31",
        "ids": [
            549,
            564,
            985,
            1113
        ]
    },
    {
        "color": "#314C70",
        "ids": [
            563
        ]
    },
    {
        "color": "#FBAB05",
        "ids": [
            577,
            581,
            753,
            916,
            918,
            1129
        ]
    },
    {
        "color": "#B49036",
        "ids": [
            580
        ]
    },
    {
        "color": "#F4C8A8",
        "ids": [
            592,
            868
        ]
    },
    {
        "color": "#FCAD2B",
        "ids": [
            605,
            1128
        ]
    },
    {
        "color": "#9A989C",
        "ids": [
            621,
            836
        ]
    },
    {
        "color": "#4E312B",
        "ids": [
            625,
            862
        ]
    },
    {
        "color": "#584F68",
        "ids": [
            627,
            1041
        ]
    },
    {
        "color": "#963307",
        "ids": [
            638
        ]
    },
    {
        "color": "#871208",
        "ids": [
            666,
            697,
            786,
            812,
            936,
            1085
        ]
    },
    {
        "color": "#393F51",
        "ids": [
            688,
            772
        ]
    },
    {
        "color": "#FC7911",
        "ids": [
            703,
            946
        ]
    },
    {
        "color": "#434E67",
        "ids": [
            707
        ]
    },
    {
        "color": "#817674",
        "ids": [
            718,
            829
        ]
    },
    {
        "color": "#7F3503",
        "ids": [
            752
        ]
    },
    {
        "color": "#F9BA14",
        "ids": [
            759
        ]
    },
    {
        "color": "#B29912",
        "ids": [
            809,
            810,
            934
        ]
    },
    {
        "color": "#DEBE97",
        "ids": [
            813,
            859
        ]
    },
    {
        "color": "#C59B3A",
        "ids": [
            842
        ]
    },
    {
        "color": "#656269",
        "ids": [
            850
        ]
    },
    {
        "color": "#DA4325",
        "ids": [
            852
        ]
    },
    {
        "color": "#2C5886",
        "ids": [
            858
        ]
    },
    {
        "color": "#25266C",
        "ids": [
            883
        ]
    },
    {
        "color": "#B9402C",
        "ids": [
            884,
            904
        ]
    },
    {
        "color": "#D5B752",
        "ids": [
            885
        ]
    },
    {
        "color": "#4D749E",
        "ids": [
            929
        ]
    },
    {
        "color": "#C36706",
        "ids": [
            948
        ]
    },
    {
        "color": "#A6BAC2",
        "ids": [
            949
        ]
    },
    {
        "color": "#BEC2BE",
        "ids": [
            1003
        ]
    },
    {
        "color": "#9C896B",
        "ids": [
            1069
        ]
    },
    {
        "color": "#203C75",
        "ids": [
            1081
        ]
    },
    {
        "color": "#C98244",
        "ids": [
            1103
        ]
    }
]