[
    {
        "color": "#EACCB3",
        "ids": [
            1,
            2,
            9,
            11,
            27,
            32,
            50,
            58,
            65,
            71,
            88,
            104,
            168,
            291,
            296,
            309,
            426,
            443,
            449
        ]
    },
    {
        "color": "#E2EBF9",
        "ids": [
            3,
            6,
            10,
            29,
            44,
            59,
            63,
            68,
            107,
            114,
            126,
            149,
            176,
            198,
            245,
            286,
            290,
            295,
            299,
            317,
            338,
            344,
            410,
            415,
            428
        ]
    },
    {
        "color": "#F3A12F",
        "ids": [
            4,
            8,
            14,
            54,
            135,
            239,
            242,
            247,
            339
        ]
    },
    {
        "color": "#15256E",
        "ids": [
            5,
            13,
            18,
            23,
            33,
            34,
            41,
            49,
            62,
            64,
            76,
            78,
            100,
            117,
            122,
            128,
            129,
            134,
            164,
            203,
            205,
            220,
            241,
            246,
            285,
            294,
            302,
            325,
            333,
            350,
            355,
            356,
            369,
            393,
            414
        ]
    },
    {
        "color": "#345BBB",
        "ids": [
            7,
            15,
            25,
            31,
            35,
            46,
            51,
            97,
            116,
            217,
            320
        ]
    },
    {
        "color": "#FAFAFC",
        "ids": [
            12,
            17,
            22,
            28,
            40,
            52,
            67,
            69,
            80,
            106,
            174,
            249,
            310,
            332,
            413
        ]
    },
    {
        "color": "#F4BEA4",
        "ids": [
            16,
            19,
            132,
            144,
            190,
            284
        ]
    },
    {
        "color": "#13245A",
        "ids": [
            20,
            45,
            70,
            96,
            112,
            115,
            137,
            171,
            175,
            192,
            204,
            213,
            216,
            240,
            261,
            297,
            353,
            381,
            419,
            427
        ]
    },
    {
        "color": "#534FB9",
        "ids": [
            21,
            38,
            39,
            43,
            48,
            60,
            94,
            236,
            280,
            345,
            368,
            386,
            429
        ]
    },
    {
        "color": "#F37E49",
        "ids": [
            24,
            221
        ]
    },
    {
        "color": "#8474C7",
        "ids": [
            26,
            66,
            232,
            273
        ]
    },
    {
        "color": "#A9361E",
        "ids": [
            30,
            42,
            86,
            161,
            180,
            292,
            307,
            313,
            328,
            394
        ]
    },
    {
        "color": "#C8C9EB",
        "ids": [
            36,
            84,
            85,
            125,
            145,
            172,
            224,
            259,
            316,
            352
        ]
    },
    {
        "color": "#3B45B6",
        "ids": [
            37,
            56,
            138,
            206,
            238,
            446
        ]
    },
    {
        "color": "#952C21",
        "ids": [
            47,
            151,
            416
        ]
    },
    {
        "color": "#4083CC",
        "ids": [
            53,
            92,
            101
        ]
    },
    {
        "color": "#DEBB9A",
        "ids": [
            55,
            77,
            142,
            166,
            202,
            208,
            243,
            250,
            274,
            287,
            293,
            301,
            343,
            375,
            399,
            400,
            418,
            432
        ]
    },
    {
        "color": "#2242A3",
        "ids": [
            57,
            61,
            73,
            167,
            189,
            210,
            211,
            322,
            341,
            387,
            420
        ]
    },
    {
        "color": "#BD5128",
        "ids": [
            72,
            102,
            226
        ]
    },
    {
        "color": "#A9595D",
        "ids": [
            74,
            127,
            163,
            435
        ]
    },
    {
        "color": "#E65148",
        "ids": [
            75,
            109,
            193
        ]
    },
    {
        "color": "#445CAF",
        "ids": [
            79,
            146,
            383,
            385
        ]
    },
    {
        "color": "#EDAE94",
        "ids": [
            81,
            87,
            179,
            201,
            228,
            305,
            388,
            389,
            412,
            431
        ]
    },
    {
        "color": "#DA5815",
        "ids": [
            82,
            120,
            136,
            347
        ]
    },
    {
        "color": "#EB7E31",
        "ids": [
            83,
            89,
            346,
            441
        ]
    },
    {
        "color": "#0D112E",
        "ids": [
            90,
            111,
            118,
            141,
            160,
            169,
            200,
            257,
            311,
            318,
            417
        ]
    },
    {
        "color": "#CD8586",
        "ids": [
            91
        ]
    },
    {
        "color": "#F49B7A",
        "ids": [
            93,
            233,
            360,
            380
        ]
    },
    {
        "color": "#E2DBE9",
        "ids": [
            95,
            143,
            178,
            253,
            275,
            329,
            342,
            370,
            373,
            382,
            397,
            409,
            411
        ]
    },
    {
        "color": "#F2E0CE",
        "ids": [
            98,
            133,
            148,
            156,
            157,
            184,
            214,
            230,
            264,
            278,
            372,
            391,
            406
        ]
    },
    {
        "color": "#4989DD",
        "ids": [
            99
        ]
    },
    {
        "color": "#F48167",
        "ids": [
            103
        ]
    },
    {
        "color": "#8299CF",
        "ids": [
            105,
            248
        ]
    },
    {
        "color": "#845891",
        "ids": [
            108,
            162
        ]
    },
    {
        "color": "#612F40",
        "ids": [
            110,
            440
        ]
    },
    {
        "color": "#D68B37",
        "ids": [
            113,
            196,
            271,
            327
        ]
    },
    {
        "color": "#050F48",
        "ids": [
            119,
            154,
            177,
            185,
            231,
            256,
            330,
            367,
            376
        ]
    },
    {
        "color": "#DB8464",
        "ids": [
            121
        ]
    },
    {
        "color": "#7D2A20",
        "ids": [
            123,
            197,
            424,
            434
        ]
    },
    {
        "color": "#8893BA",
        "ids": [
            124
        ]
    },
    {
        "color": "#EF8A1D",
        "ids": [
            130,
            408,
            430
        ]
    },
    {
        "color": "#E56409",
        "ids": [
            131,
            260
        ]
    },
    {
        "color": "#87A7E6",
        "ids": [
            139
        ]
    },
    {
        "color": "#272380",
        "ids": [
            140,
            300
        ]
    },
    {
        "color": "#8C3831",
        "ids": [
            147
        ]
    },
    {
        "color": "#424293",
        "ids": [
            150,
            191,
            199,
            288,
            319,
            445
        ]
    },
    {
        "color": "#4B3FAB",
        "ids": [
            152
        ]
    },
    {
        "color": "#8D81D8",
        "ids": [
            153
        ]
    },
    {
        "color": "#A57F92",
        "ids": [
            155
        ]
    },
    {
        "color": "#214DBF",
        "ids": [
            158,
            377
        ]
    },
    {
        "color": "#F0EDEA",
        "ids": [
            159,
            170,
            262,
            303,
            405
        ]
    },
    {
        "color": "#5B3C65",
        "ids": [
            165,
            371,
            404,
            438
        ]
    },
    {
        "color": "#95615C",
        "ids": [
            173
        ]
    },
    {
        "color": "#50334D",
        "ids": [
            181,
            363
        ]
    },
    {
        "color": "#604453",
        "ids": [
            182
        ]
    },
    {
        "color": "#22338E",
        "ids": [
            183,
            244,
            324,
            401
        ]
    },
    {
        "color": "#E9787F",
        "ids": [
            186,
            335
        ]
    },
    {
        "color": "#F8D47F",
        "ids": [
            187
        ]
    },
    {
        "color": "#344FA4",
        "ids": [
            188
        ]
    },
    {
        "color": "#C8A89F",
        "ids": [
            194,
            263,
            279,
            395
        ]
    },
    {
        "color": "#F3C993",
        "ids": [
            195,
            218,
            308
        ]
    },
    {
        "color": "#D64F5A",
        "ids": [
            207,
            349
        ]
    },
    {
        "color": "#6E68C1",
        "ids": [
            209,
            374,
            436
        ]
    },
    {
        "color": "#4B5FC4",
        "ids": [
            212
        ]
    },
    {
        "color": "#9CB4E4",
        "ids": [
            215,
            235,
            276,
            422
        ]
    },
    {
        "color": "#CCBCC7",
        "ids": [
            219,
            444
        ]
    },
    {
        "color": "#A86319",
        "ids": [
            222
        ]
    },
    {
        "color": "#D8CBD8",
        "ids": [
            223,
            268,
            269,
            281,
            348
        ]
    },
    {
        "color": "#D6B5B6",
        "ids": [
            225
        ]
    },
    {
        "color": "#B7C0E3",
        "ids": [
            227,
            314
        ]
    },
    {
        "color": "#621418",
        "ids": [
            229
        ]
    },
    {
        "color": "#AC92BB",
        "ids": [
            234,
            298
        ]
    },
    {
        "color": "#5566B3",
        "ids": [
            237
        ]
    },
    {
        "color": "#EBBA4D",
        "ids": [
            251,
            265
        ]
    },
    {
        "color": "#BDADBB",
        "ids": [
            252
        ]
    },
    {
        "color": "#262D57",
        "ids": [
            254,
            306
        ]
    },
    {
        "color": "#6C4183",
        "ids": [
            255
        ]
    },
    {
        "color": "#0A1262",
        "ids": [
            258,
            398
        ]
    },
    {
        "color": "#C45E36",
        "ids": [
            266,
            362
        ]
    },
    {
        "color": "#9F4551",
        "ids": [
            267,
            312
        ]
    },
    {
        "color": "#D49769",
        "ids": [
            270,
            340,
            402
        ]
    },
    {
        "color": "#D4AF88",
        "ids": [
            272,
            289,
            354,
            396
        ]
    },
    {
        "color": "#6B392A",
        "ids": [
            277
        ]
    },
    {
        "color": "#A49BEA",
        "ids": [
            282
        ]
    },
    {
        "color": "#AA592F",
        "ids": [
            283,
            384
        ]
    },
    {
        "color": "#D06B21",
        "ids": [
            304
        ]
    },
    {
        "color": "#606C99",
        "ids": [
            315,
            358,
            378
        ]
    },
    {
        "color": "#FCB989",
        "ids": [
            321,
            361,
            439
        ]
    },
    {
        "color": "#353B81",
        "ids": [
            323
        ]
    },
    {
        "color": "#DCA774",
        "ids": [
            326
        ]
    },
    {
        "color": "#F1AA67",
        "ids": [
            331,
            448
        ]
    },
    {
        "color": "#E7BD86",
        "ids": [
            334
        ]
    },
    {
        "color": "#141A82",
        "ids": [
            336
        ]
    },
    {
        "color": "#BB4115",
        "ids": [
            337
        ]
    },
    {
        "color": "#E3686E",
        "ids": [
            351
        ]
    },
    {
        "color": "#7981AC",
        "ids": [
            357
        ]
    },
    {
        "color": "#211730",
        "ids": [
            359
        ]
    },
    {
        "color": "#C7DBF6",
        "ids": [
            364
        ]
    },
    {
        "color": "#151E45",
        "ids": [
            365,
            407
        ]
    },
    {
        "color": "#B76675",
        "ids": [
            366
        ]
    },
    {
        "color": "#E1944D",
        "ids": [
            379,
            442
        ]
    },
    {
        "color": "#E9AEAD",
        "ids": [
            390
        ]
    },
    {
        "color": "#B5765E",
        "ids": [
            392
        ]
    },
    {
        "color": "#FAB83E",
        "ids": [
            403
        ]
    },
    {
        "color": "#0E3182",
        "ids": [
            421
        ]
    },
    {
        "color": "#F06A22",
        "ids": [
            423
        ]
    },
    {
        "color": "#603DA4",
        "ids": [
            425
        ]
    },
    {
        "color": "#813847",
        "ids": [
            433
        ]
    },
    {
        "color": "#574D77",
        "ids": [
            437
        ]
    },
    {
        "color": "#9A4620",
        "ids": [
            447
        ]
    }
]