[
    {
        "color": "#F2F5F6",
        "ids": [
            1,
            6,
            12,
            13,
            18,
            47,
            62,
            64,
            81,
            83,
            92,
            107,
            131,
            141,
            207,
            212,
            341,
            372,
            416
        ]
    },
    {
        "color": "#323991",
        "ids": [
            2,
            46,
            71,
            277,
            391
        ]
    },
    {
        "color": "#0A0E36",
        "ids": [
            3,
            22,
            41,
            44,
            55,
            57,
            59,
            99,
            101,
            103,
            108,
            113,
            123,
            143,
            173,
            211,
            244,
            263,
            298,
            323,
            355,
            374,
            375,
            399,
            408,
            427
        ]
    },
    {
        "color": "#221868",
        "ids": [
            4,
            8,
            10,
            19,
            48,
            82,
            85,
            102,
            151,
            154,
            157,
            159,
            191,
            210,
            216,
            218,
            225,
            228,
            256,
            322,
            338,
            343,
            346,
            369,
            382,
            389,
            393,
            405,
            412,
            420
        ]
    },
    {
        "color": "#F8AD5D",
        "ids": [
            5,
            11,
            21,
            25,
            32,
            34,
            43,
            87,
            167,
            186,
            189,
            253,
            348
        ]
    },
    {
        "color": "#F2C9D6",
        "ids": [
            7,
            9,
            14,
            16,
            26,
            105,
            115,
            130,
            201,
            220,
            291
        ]
    },
    {
        "color": "#161255",
        "ids": [
            15,
            20,
            23,
            33,
            38,
            54,
            61,
            73,
            104,
            121,
            126,
            135,
            144,
            148,
            156,
            185,
            195,
            213,
            227,
            232,
            336,
            357,
            361,
            419
        ]
    },
    {
        "color": "#2A1B86",
        "ids": [
            17,
            24,
            29,
            51,
            74,
            125,
            147,
            204,
            205,
            217,
            222,
            242,
            366
        ]
    },
    {
        "color": "#EC5516",
        "ids": [
            27,
            28,
            50,
            95,
            221,
            247,
            278,
            289,
            414
        ]
    },
    {
        "color": "#F88C53",
        "ids": [
            30,
            31,
            37,
            53,
            63,
            137,
            138,
            245,
            254,
            264,
            285,
            287,
            290,
            310,
            313,
            349,
            415
        ]
    },
    {
        "color": "#FBBA6D",
        "ids": [
            35,
            202,
            288
        ]
    },
    {
        "color": "#535AA4",
        "ids": [
            36,
            52,
            246,
            326,
            377
        ]
    },
    {
        "color": "#F07A40",
        "ids": [
            39,
            75,
            98,
            110,
            140,
            145,
            188,
            198,
            214,
            273,
            275,
            281,
            301,
            327,
            328,
            330,
            373,
            381,
            394,
            404,
            423
        ]
    },
    {
        "color": "#E7E7E9",
        "ids": [
            40,
            72,
            86,
            91,
            178,
            300,
            320,
            413
        ]
    },
    {
        "color": "#513D99",
        "ids": [
            42,
            45,
            65,
            106,
            117,
            248,
            365,
            371,
            390
        ]
    },
    {
        "color": "#F0A2B2",
        "ids": [
            49,
            69,
            250,
            266,
            271,
            314,
            364,
            421
        ]
    },
    {
        "color": "#EEB9C5",
        "ids": [
            56,
            158
        ]
    },
    {
        "color": "#EA552A",
        "ids": [
            58,
            70,
            112,
            120,
            153,
            168,
            303,
            350,
            395,
            418
        ]
    },
    {
        "color": "#DE461B",
        "ids": [
            60,
            122,
            337
        ]
    },
    {
        "color": "#E9321F",
        "ids": [
            66,
            229
        ]
    },
    {
        "color": "#FA8E3D",
        "ids": [
            67,
            109,
            124,
            233,
            239
        ]
    },
    {
        "color": "#663BAF",
        "ids": [
            68,
            169,
            282
        ]
    },
    {
        "color": "#EEA046",
        "ids": [
            76,
            119,
            171,
            302,
            425
        ]
    },
    {
        "color": "#D0ABCA",
        "ids": [
            77,
            304,
            353
        ]
    },
    {
        "color": "#F66936",
        "ids": [
            78
        ]
    },
    {
        "color": "#7849A9",
        "ids": [
            79,
            362
        ]
    },
    {
        "color": "#E492B3",
        "ids": [
            80,
            236
        ]
    },
    {
        "color": "#4728A2",
        "ids": [
            84,
            243
        ]
    },
    {
        "color": "#DA6A35",
        "ids": [
            88,
            93,
            184,
            234,
            269,
            332
        ]
    },
    {
        "color": "#752A5F",
        "ids": [
            89,
            380
        ]
    },
    {
        "color": "#DBD5E5",
        "ids": [
            90,
            174,
            181,
            192,
            296,
            334,
            347
        ]
    },
    {
        "color": "#FBE9D0",
        "ids": [
            94,
            150,
            196,
            286,
            360
        ]
    },
    {
        "color": "#E5BCE5",
        "ids": [
            96,
            111,
            190,
            306,
            307,
            403
        ]
    },
    {
        "color": "#E092CA",
        "ids": [
            97
        ]
    },
    {
        "color": "#B2BAD6",
        "ids": [
            100,
            162,
            209,
            401
        ]
    },
    {
        "color": "#1F2D74",
        "ids": [
            114,
            161,
            292,
            358,
            376
        ]
    },
    {
        "color": "#5649B3",
        "ids": [
            116
        ]
    },
    {
        "color": "#AF3D1B",
        "ids": [
            118
        ]
    },
    {
        "color": "#FD781B",
        "ids": [
            127,
            132,
            283,
            417
        ]
    },
    {
        "color": "#F58FA7",
        "ids": [
            128,
            305
        ]
    },
    {
        "color": "#7D8DD5",
        "ids": [
            129,
            240,
            257,
            407
        ]
    },
    {
        "color": "#8293B6",
        "ids": [
            133,
            317,
            397
        ]
    },
    {
        "color": "#0C1268",
        "ids": [
            134,
            172
        ]
    },
    {
        "color": "#B592DB",
        "ids": [
            136,
            384
        ]
    },
    {
        "color": "#D2591E",
        "ids": [
            139,
            164,
            226
        ]
    },
    {
        "color": "#9F598A",
        "ids": [
            142,
            182,
            297,
            356
        ]
    },
    {
        "color": "#DA818B",
        "ids": [
            146,
            340
        ]
    },
    {
        "color": "#E69A9F",
        "ids": [
            149,
            176
        ]
    },
    {
        "color": "#FE6959",
        "ids": [
            152,
            160,
            270
        ]
    },
    {
        "color": "#B74137",
        "ids": [
            155,
            312
        ]
    },
    {
        "color": "#646A98",
        "ids": [
            163,
            385
        ]
    },
    {
        "color": "#E18E61",
        "ids": [
            165,
            342,
            383,
            398
        ]
    },
    {
        "color": "#F5CDAD",
        "ids": [
            166,
            223,
            388,
            426
        ]
    },
    {
        "color": "#613856",
        "ids": [
            170
        ]
    },
    {
        "color": "#6557AE",
        "ids": [
            175,
            316
        ]
    },
    {
        "color": "#4B5782",
        "ids": [
            177,
            396
        ]
    },
    {
        "color": "#4F4456",
        "ids": [
            179
        ]
    },
    {
        "color": "#9D7BB1",
        "ids": [
            180,
            208
        ]
    },
    {
        "color": "#E4D8C1",
        "ids": [
            183
        ]
    },
    {
        "color": "#EBB995",
        "ids": [
            187,
            274,
            279,
            344,
            409
        ]
    },
    {
        "color": "#939EBA",
        "ids": [
            193,
            352
        ]
    },
    {
        "color": "#D482BB",
        "ids": [
            194
        ]
    },
    {
        "color": "#3744A9",
        "ids": [
            197,
            386
        ]
    },
    {
        "color": "#CF400F",
        "ids": [
            199,
            235
        ]
    },
    {
        "color": "#201C36",
        "ids": [
            200,
            261,
            335,
            424
        ]
    },
    {
        "color": "#E7A767",
        "ids": [
            203,
            370
        ]
    },
    {
        "color": "#E68530",
        "ids": [
            206,
            294,
            319
        ]
    },
    {
        "color": "#2B2657",
        "ids": [
            215,
            237,
            238,
            345,
            402
        ]
    },
    {
        "color": "#737EB2",
        "ids": [
            219,
            321,
            392
        ]
    },
    {
        "color": "#CCC3C3",
        "ids": [
            224
        ]
    },
    {
        "color": "#FDE3BD",
        "ids": [
            230,
            308
        ]
    },
    {
        "color": "#E76D23",
        "ids": [
            231,
            260
        ]
    },
    {
        "color": "#583432",
        "ids": [
            241
        ]
    },
    {
        "color": "#B28167",
        "ids": [
            249,
            331
        ]
    },
    {
        "color": "#FBD297",
        "ids": [
            251
        ]
    },
    {
        "color": "#AF8DBD",
        "ids": [
            252,
            410
        ]
    },
    {
        "color": "#B9A9C6",
        "ids": [
            255,
            339
        ]
    },
    {
        "color": "#DB2302",
        "ids": [
            258
        ]
    },
    {
        "color": "#4B3263",
        "ids": [
            259
        ]
    },
    {
        "color": "#CC905A",
        "ids": [
            262
        ]
    },
    {
        "color": "#CB7A41",
        "ids": [
            265,
            272,
            333,
            359
        ]
    },
    {
        "color": "#B22A15",
        "ids": [
            267
        ]
    },
    {
        "color": "#6768C4",
        "ids": [
            268,
            309
        ]
    },
    {
        "color": "#AF4D92",
        "ids": [
            276
        ]
    },
    {
        "color": "#B2CCE4",
        "ids": [
            280
        ]
    },
    {
        "color": "#C34D4F",
        "ids": [
            284
        ]
    },
    {
        "color": "#42354A",
        "ids": [
            293
        ]
    },
    {
        "color": "#32276F",
        "ids": [
            295
        ]
    },
    {
        "color": "#FE9089",
        "ids": [
            299
        ]
    },
    {
        "color": "#7D4680",
        "ids": [
            311
        ]
    },
    {
        "color": "#C080AE",
        "ids": [
            315,
            387
        ]
    },
    {
        "color": "#CF6A85",
        "ids": [
            318,
            329
        ]
    },
    {
        "color": "#DF8545",
        "ids": [
            324
        ]
    },
    {
        "color": "#9781D6",
        "ids": [
            325
        ]
    },
    {
        "color": "#886EB1",
        "ids": [
            351
        ]
    },
    {
        "color": "#D37C5C",
        "ids": [
            354
        ]
    },
    {
        "color": "#AB5125",
        "ids": [
            363
        ]
    },
    {
        "color": "#F8D9E2",
        "ids": [
            367
        ]
    },
    {
        "color": "#895FC6",
        "ids": [
            368
        ]
    },
    {
        "color": "#B83855",
        "ids": [
            378
        ]
    },
    {
        "color": "#3F3778",
        "ids": [
            379
        ]
    },
    {
        "color": "#5E538A",
        "ids": [
            400
        ]
    },
    {
        "color": "#B76043",
        "ids": [
            406
        ]
    },
    {
        "color": "#CB4972",
        "ids": [
            411
        ]
    },
    {
        "color": "#F9A68C",
        "ids": [
            422
        ]
    }
]