[
    {
        "color": "#F9F8FA",
        "ids": [
            1,
            2,
            10,
            14,
            17,
            18,
            20,
            21,
            27,
            30,
            61
        ]
    },
    {
        "color": "#161D2C",
        "ids": [
            3,
            5,
            25,
            26,
            28,
            29,
            31,
            39,
            43,
            48,
            49,
            55,
            58,
            59,
            65,
            66,
            76,
            83,
            87,
            99,
            107,
            108,
            118,
            122
        ]
    },
    {
        "color": "#EC4C1C",
        "ids": [
            4,
            6,
            9,
            12,
            19,
            37,
            46
        ]
    },
    {
        "color": "#F8CFBF",
        "ids": [
            7,
            16,
            22,
            23,
            32
        ]
    },
    {
        "color": "#F25B29",
        "ids": [
            8
        ]
    },
    {
        "color": "#F7835B",
        "ids": [
            11
        ]
    },
    {
        "color": "#9BAEE8",
        "ids": [
            13,
            47,
            112
        ]
    },
    {
        "color": "#6E8DDC",
        "ids": [
            15
        ]
    },
    {
        "color": "#292D36",
        "ids": [
            24,
            60,
            71,
            73,
            74,
            77,
            79,
            91,
            101,
            110,
            114,
            120,
            121
        ]
    },
    {
        "color": "#E76547",
        "ids": [
            33,
            85
        ]
    },
    {
        "color": "#BA280F",
        "ids": [
            34,
            69
        ]
    },
    {
        "color": "#B2BAE2",
        "ids": [
            35,
            42,
            62,
            63,
            109
        ]
    },
    {
        "color": "#42424B",
        "ids": [
            36,
            54,
            57,
            64,
            111,
            115,
            119
        ]
    },
    {
        "color": "#0C0F15",
        "ids": [
            38
        ]
    },
    {
        "color": "#E0CEC6",
        "ids": [
            40
        ]
    },
    {
        "color": "#CDCBCF",
        "ids": [
            41,
            95
        ]
    },
    {
        "color": "#ECEBEC",
        "ids": [
            44,
            52,
            90
        ]
    },
    {
        "color": "#CECEE7",
        "ids": [
            45,
            53,
            82
        ]
    },
    {
        "color": "#E47458",
        "ids": [
            50
        ]
    },
    {
        "color": "#F9977B",
        "ids": [
            51,
            56
        ]
    },
    {
        "color": "#DCDEE0",
        "ids": [
            67,
            78,
            100
        ]
    },
    {
        "color": "#B86F60",
        "ids": [
            68
        ]
    },
    {
        "color": "#EDD8D3",
        "ids": [
            70,
            117
        ]
    },
    {
        "color": "#A95E52",
        "ids": [
            72
        ]
    },
    {
        "color": "#F6BFB2",
        "ids": [
            75
        ]
    },
    {
        "color": "#D25B18",
        "ids": [
            80,
            103
        ]
    },
    {
        "color": "#A37F73",
        "ids": [
            81
        ]
    },
    {
        "color": "#473030",
        "ids": [
            84,
            88,
            97,
            102
        ]
    },
    {
        "color": "#C95D49",
        "ids": [
            86
        ]
    },
    {
        "color": "#2A2324",
        "ids": [
            89,
            104,
            105,
            106
        ]
    },
    {
        "color": "#361E14",
        "ids": [
            92
        ]
    },
    {
        "color": "#A6311E",
        "ids": [
            93
        ]
    },
    {
        "color": "#AE938F",
        "ids": [
            94
        ]
    },
    {
        "color": "#DE3C1A",
        "ids": [
            96
        ]
    },
    {
        "color": "#522312",
        "ids": [
            98,
            116
        ]
    },
    {
        "color": "#C14731",
        "ids": [
            113
        ]
    }
]