[
    {
        "color": "#F6F6F9",
        "ids": [
            1,
            6,
            20,
            21,
            26,
            27,
            28,
            34,
            92,
            113,
            116
        ]
    },
    {
        "color": "#F78825",
        "ids": [
            2,
            3,
            32,
            106,
            137,
            162
        ]
    },
    {
        "color": "#2F255C",
        "ids": [
            4,
            5,
            7,
            11,
            17,
            18,
            19,
            22,
            41,
            43,
            45,
            46,
            53,
            54,
            64,
            67,
            88,
            89,
            93,
            102,
            105,
            108,
            117,
            159,
            164,
            165
        ]
    },
    {
        "color": "#F9D5C6",
        "ids": [
            8,
            9,
            13,
            14,
            25,
            31,
            36,
            40,
            48,
            65,
            135
        ]
    },
    {
        "color": "#F9A249",
        "ids": [
            10,
            86,
            90
        ]
    },
    {
        "color": "#E83915",
        "ids": [
            12,
            15,
            16,
            23,
            77,
            129
        ]
    },
    {
        "color": "#211F4C",
        "ids": [
            24,
            52,
            59,
            61,
            62,
            74,
            76,
            83,
            96,
            98,
            110,
            119,
            139,
            147,
            148,
            149
        ]
    },
    {
        "color": "#D7685A",
        "ids": [
            29
        ]
    },
    {
        "color": "#F5E2E0",
        "ids": [
            30,
            44,
            75,
            104,
            155,
            156,
            157,
            172
        ]
    },
    {
        "color": "#38326E",
        "ids": [
            33,
            39,
            50,
            63,
            122,
            170,
            176
        ]
    },
    {
        "color": "#73619F",
        "ids": [
            35
        ]
    },
    {
        "color": "#FCAB95",
        "ids": [
            37,
            38,
            97
        ]
    },
    {
        "color": "#EC472C",
        "ids": [
            42,
            160,
            168
        ]
    },
    {
        "color": "#DFDBE9",
        "ids": [
            47,
            115
        ]
    },
    {
        "color": "#B9364C",
        "ids": [
            49,
            94
        ]
    },
    {
        "color": "#F2B9A9",
        "ids": [
            51,
            66,
            84,
            169
        ]
    },
    {
        "color": "#BEB1D0",
        "ids": [
            55,
            57,
            71,
            100,
            111,
            146
        ]
    },
    {
        "color": "#D94F4D",
        "ids": [
            56
        ]
    },
    {
        "color": "#EE6524",
        "ids": [
            58,
            154,
            171
        ]
    },
    {
        "color": "#E25719",
        "ids": [
            60,
            175
        ]
    },
    {
        "color": "#AA4463",
        "ids": [
            68,
            128,
            173
        ]
    },
    {
        "color": "#DB2D02",
        "ids": [
            69
        ]
    },
    {
        "color": "#5C2512",
        "ids": [
            70,
            85,
            121,
            138
        ]
    },
    {
        "color": "#4B2F47",
        "ids": [
            72,
            78,
            124
        ]
    },
    {
        "color": "#464067",
        "ids": [
            73,
            123,
            142,
            150
        ]
    },
    {
        "color": "#51321F",
        "ids": [
            79,
            114,
            161
        ]
    },
    {
        "color": "#ED9451",
        "ids": [
            80
        ]
    },
    {
        "color": "#DF8D98",
        "ids": [
            81
        ]
    },
    {
        "color": "#C44F70",
        "ids": [
            82,
            107
        ]
    },
    {
        "color": "#E6B488",
        "ids": [
            87
        ]
    },
    {
        "color": "#CE5E7F",
        "ids": [
            91,
            158
        ]
    },
    {
        "color": "#0E1236",
        "ids": [
            95,
            127,
            136,
            151
        ]
    },
    {
        "color": "#C45F2B",
        "ids": [
            99
        ]
    },
    {
        "color": "#382F3F",
        "ids": [
            101,
            125
        ]
    },
    {
        "color": "#C93318",
        "ids": [
            103,
            153
        ]
    },
    {
        "color": "#A89ABE",
        "ids": [
            109,
            143
        ]
    },
    {
        "color": "#C56F8D",
        "ids": [
            112
        ]
    },
    {
        "color": "#B47372",
        "ids": [
            118
        ]
    },
    {
        "color": "#EB9F7D",
        "ids": [
            120
        ]
    },
    {
        "color": "#D1CCDC",
        "ids": [
            126
        ]
    },
    {
        "color": "#EDC6BF",
        "ids": [
            130,
            174
        ]
    },
    {
        "color": "#8F75B9",
        "ids": [
            131
        ]
    },
    {
        "color": "#EE8D3C",
        "ids": [
            132,
            140
        ]
    },
    {
        "color": "#3F2819",
        "ids": [
            133,
            152,
            163
        ]
    },
    {
        "color": "#0E0F1B",
        "ids": [
            134
        ]
    },
    {
        "color": "#5A4966",
        "ids": [
            141
        ]
    },
    {
        "color": "#E9A398",
        "ids": [
            144
        ]
    },
    {
        "color": "#DCC9CA",
        "ids": [
            145
        ]
    },
    {
        "color": "#6A5775",
        "ids": [
            166
        ]
    },
    {
        "color": "#E1592F",
        "ids": [
            167
        ]
    }
]