[
    {
        "color": "#F5F7F9",
        "ids": [
            1,
            18,
            19,
            24,
            25,
            28,
            31,
            39,
            43,
            45,
            59,
            61,
            70,
            96,
            159,
            161,
            172
        ]
    },
    {
        "color": "#332167",
        "ids": [
            2,
            7,
            8,
            40,
            46,
            47,
            51,
            52,
            56,
            72,
            75,
            76,
            88,
            90,
            93,
            98,
            100,
            102,
            103,
            109,
            116,
            121,
            133,
            135,
            140,
            142,
            143,
            148,
            153
        ]
    },
    {
        "color": "#211A50",
        "ids": [
            3,
            9,
            54,
            81,
            83,
            86,
            97,
            101,
            114,
            115,
            127,
            128
        ]
    },
    {
        "color": "#F78F55",
        "ids": [
            4,
            6,
            14,
            104,
            122,
            123,
            145
        ]
    },
    {
        "color": "#F9A67A",
        "ids": [
            5,
            22,
            155,
            162
        ]
    },
    {
        "color": "#FBD9DB",
        "ids": [
            10,
            12,
            13,
            16,
            17,
            21,
            23,
            26,
            29,
            36,
            38,
            117,
            146
        ]
    },
    {
        "color": "#615396",
        "ids": [
            11,
            15
        ]
    },
    {
        "color": "#E78354",
        "ids": [
            20,
            41,
            60,
            158
        ]
    },
    {
        "color": "#F9733D",
        "ids": [
            27,
            64,
            78,
            79,
            89,
            105,
            106,
            107,
            129,
            163,
            168
        ]
    },
    {
        "color": "#F5C2D2",
        "ids": [
            30,
            58,
            144
        ]
    },
    {
        "color": "#BF6073",
        "ids": [
            32
        ]
    },
    {
        "color": "#F08C9B",
        "ids": [
            33,
            34,
            48
        ]
    },
    {
        "color": "#DC445B",
        "ids": [
            35,
            113
        ]
    },
    {
        "color": "#5241A2",
        "ids": [
            37
        ]
    },
    {
        "color": "#160B3C",
        "ids": [
            42,
            44,
            49,
            82,
            134,
            166
        ]
    },
    {
        "color": "#F49FB1",
        "ids": [
            50,
            65,
            84,
            167
        ]
    },
    {
        "color": "#EF9771",
        "ids": [
            53,
            108
        ]
    },
    {
        "color": "#DB5D31",
        "ids": [
            55,
            132,
            157
        ]
    },
    {
        "color": "#E6E3EC",
        "ids": [
            57,
            67,
            68,
            150,
            170
        ]
    },
    {
        "color": "#352A92",
        "ids": [
            62,
            91
        ]
    },
    {
        "color": "#D3C4D4",
        "ids": [
            63,
            71,
            74,
            165
        ]
    },
    {
        "color": "#2E2340",
        "ids": [
            66,
            69
        ]
    },
    {
        "color": "#EAB0AD",
        "ids": [
            73,
            154
        ]
    },
    {
        "color": "#DA4646",
        "ids": [
            77,
            92,
            95
        ]
    },
    {
        "color": "#54397A",
        "ids": [
            80,
            112,
            149,
            169
        ]
    },
    {
        "color": "#B15981",
        "ids": [
            85
        ]
    },
    {
        "color": "#9485A9",
        "ids": [
            87
        ]
    },
    {
        "color": "#46286E",
        "ids": [
            94,
            147
        ]
    },
    {
        "color": "#D07872",
        "ids": [
            99,
            151
        ]
    },
    {
        "color": "#DD8AB3",
        "ids": [
            110
        ]
    },
    {
        "color": "#51395F",
        "ids": [
            111
        ]
    },
    {
        "color": "#F2585E",
        "ids": [
            118,
            119,
            156
        ]
    },
    {
        "color": "#B4ABC7",
        "ids": [
            120
        ]
    },
    {
        "color": "#904751",
        "ids": [
            124
        ]
    },
    {
        "color": "#3F3D83",
        "ids": [
            125
        ]
    },
    {
        "color": "#20166F",
        "ids": [
            126,
            130
        ]
    },
    {
        "color": "#472A4B",
        "ids": [
            131,
            137
        ]
    },
    {
        "color": "#AA93BD",
        "ids": [
            136
        ]
    },
    {
        "color": "#17085E",
        "ids": [
            138
        ]
    },
    {
        "color": "#E45B6E",
        "ids": [
            139
        ]
    },
    {
        "color": "#F6729D",
        "ids": [
            141
        ]
    },
    {
        "color": "#6B4D83",
        "ids": [
            152
        ]
    },
    {
        "color": "#EC4B2D",
        "ids": [
            160
        ]
    },
    {
        "color": "#C3A7B8",
        "ids": [
            164
        ]
    },
    {
        "color": "#D48C68",
        "ids": [
            171
        ]
    }
]