[
    {
        "color": "#F6F7F9",
        "ids": [
            1,
            13,
            53
        ]
    },
    {
        "color": "#13171D",
        "ids": [
            2,
            14,
            15,
            18,
            21,
            25,
            59,
            77
        ]
    },
    {
        "color": "#ED5A21",
        "ids": [
            3,
            6
        ]
    },
    {
        "color": "#F7D2C0",
        "ids": [
            4,
            5,
            7,
            45,
            49
        ]
    },
    {
        "color": "#6D667F",
        "ids": [
            8,
            11
        ]
    },
    {
        "color": "#D93A13",
        "ids": [
            9,
            39,
            42,
            44,
            51,
            65,
            67,
            70
        ]
    },
    {
        "color": "#4051A2",
        "ids": [
            10
        ]
    },
    {
        "color": "#E46640",
        "ids": [
            12
        ]
    },
    {
        "color": "#F19F72",
        "ids": [
            16,
            41
        ]
    },
    {
        "color": "#FBB08B",
        "ids": [
            17
        ]
    },
    {
        "color": "#E4E2E5",
        "ids": [
            19,
            30,
            31,
            34,
            61,
            75
        ]
    },
    {
        "color": "#AE1F02",
        "ids": [
            20,
            32,
            50
        ]
    },
    {
        "color": "#29272A",
        "ids": [
            22,
            23,
            63
        ]
    },
    {
        "color": "#EE7A4F",
        "ids": [
            24
        ]
    },
    {
        "color": "#B5ACA9",
        "ids": [
            26,
            28,
            46
        ]
    },
    {
        "color": "#343F4F",
        "ids": [
            27
        ]
    },
    {
        "color": "#D8846C",
        "ids": [
            29,
            38,
            47
        ]
    },
    {
        "color": "#C9BCBC",
        "ids": [
            33,
            35,
            54
        ]
    },
    {
        "color": "#C02E0F",
        "ids": [
            36,
            69,
            72,
            74
        ]
    },
    {
        "color": "#C41802",
        "ids": [
            37
        ]
    },
    {
        "color": "#F3DFD3",
        "ids": [
            40
        ]
    },
    {
        "color": "#546BB5",
        "ids": [
            43
        ]
    },
    {
        "color": "#BA5525",
        "ids": [
            48,
            52,
            80
        ]
    },
    {
        "color": "#4F5466",
        "ids": [
            55
        ]
    },
    {
        "color": "#957D9C",
        "ids": [
            56
        ]
    },
    {
        "color": "#983D2A",
        "ids": [
            57,
            66
        ]
    },
    {
        "color": "#381911",
        "ids": [
            58
        ]
    },
    {
        "color": "#42729B",
        "ids": [
            60
        ]
    },
    {
        "color": "#D1CFD0",
        "ids": [
            62
        ]
    },
    {
        "color": "#E6471E",
        "ids": [
            64
        ]
    },
    {
        "color": "#BF633D",
        "ids": [
            68,
            78
        ]
    },
    {
        "color": "#EEC1AC",
        "ids": [
            71
        ]
    },
    {
        "color": "#D82C04",
        "ids": [
            73
        ]
    },
    {
        "color": "#DDAEA0",
        "ids": [
            76
        ]
    },
    {
        "color": "#8D1502",
        "ids": [
            79
        ]
    }
]