[
    {
        "color": "#E5DFDD",
        "ids": [
            1,
            2,
            84,
            90,
            98,
            142,
            148,
            151,
            198,
            255,
            282
        ]
    },
    {
        "color": "#3F5FCF",
        "ids": [
            3,
            17
        ]
    },
    {
        "color": "#F17541",
        "ids": [
            4,
            12,
            14,
            15,
            16,
            26,
            38,
            47,
            91,
            92,
            94,
            127,
            137,
            143,
            157,
            165,
            176,
            186,
            200,
            206,
            208,
            232,
            257,
            312
        ]
    },
    {
        "color": "#FBF7F4",
        "ids": [
            5,
            8,
            9,
            13,
            19,
            22,
            30,
            31,
            35,
            39,
            50,
            53,
            54,
            74,
            76,
            77,
            78,
            79,
            82,
            83,
            85,
            86,
            89,
            117,
            118,
            241,
            267
        ]
    },
    {
        "color": "#5D96DF",
        "ids": [
            6,
            7,
            32,
            58,
            65,
            70,
            73,
            124,
            138,
            158,
            178,
            249
        ]
    },
    {
        "color": "#1F2960",
        "ids": [
            10,
            11,
            25,
            29,
            36,
            40,
            43,
            56,
            88,
            107,
            132,
            139,
            145,
            152,
            180,
            201,
            234,
            252,
            262,
            264
        ]
    },
    {
        "color": "#F3D7EC",
        "ids": [
            18
        ]
    },
    {
        "color": "#EDC3BC",
        "ids": [
            20,
            23,
            28,
            49,
            71,
            72,
            121,
            220,
            268,
            278,
            300
        ]
    },
    {
        "color": "#16214F",
        "ids": [
            21,
            34,
            37,
            61,
            68,
            95,
            97,
            100,
            159,
            238,
            251
        ]
    },
    {
        "color": "#B791E9",
        "ids": [
            24,
            48
        ]
    },
    {
        "color": "#263384",
        "ids": [
            27,
            67,
            81,
            182,
            209,
            216,
            240,
            244,
            270,
            288,
            289
        ]
    },
    {
        "color": "#9F81D1",
        "ids": [
            33,
            210,
            311
        ]
    },
    {
        "color": "#6E84D3",
        "ids": [
            41,
            62,
            140,
            181,
            205,
            243
        ]
    },
    {
        "color": "#F16252",
        "ids": [
            42,
            59,
            64,
            108,
            199
        ]
    },
    {
        "color": "#F08A5B",
        "ids": [
            44,
            45,
            129,
            156,
            177,
            258
        ]
    },
    {
        "color": "#374FB3",
        "ids": [
            46,
            236,
            290
        ]
    },
    {
        "color": "#B665A5",
        "ids": [
            51
        ]
    },
    {
        "color": "#6673C2",
        "ids": [
            52,
            128,
            141,
            212,
            277
        ]
    },
    {
        "color": "#75A9E3",
        "ids": [
            55,
            57,
            63,
            96,
            99,
            173,
            174,
            197,
            279,
            315
        ]
    },
    {
        "color": "#444E97",
        "ids": [
            60,
            119,
            184,
            217,
            275,
            299,
            309
        ]
    },
    {
        "color": "#D45B36",
        "ids": [
            66,
            102,
            150,
            195,
            213,
            250,
            261,
            266,
            301
        ]
    },
    {
        "color": "#F28C71",
        "ids": [
            69,
            101,
            113,
            163,
            167,
            233,
            295
        ]
    },
    {
        "color": "#CB778C",
        "ids": [
            75,
            225
        ]
    },
    {
        "color": "#E6A096",
        "ids": [
            80,
            193,
            196,
            227
        ]
    },
    {
        "color": "#715071",
        "ids": [
            87,
            281
        ]
    },
    {
        "color": "#A84C3C",
        "ids": [
            93,
            106,
            218
        ]
    },
    {
        "color": "#EB5B40",
        "ids": [
            103,
            104,
            126,
            149,
            172,
            187
        ]
    },
    {
        "color": "#2F4195",
        "ids": [
            105,
            160
        ]
    },
    {
        "color": "#E17152",
        "ids": [
            109,
            110,
            112,
            136,
            168,
            272,
            313
        ]
    },
    {
        "color": "#94B9DB",
        "ids": [
            111,
            215
        ]
    },
    {
        "color": "#A9C0E5",
        "ids": [
            114,
            170,
            219
        ]
    },
    {
        "color": "#B9A6DB",
        "ids": [
            115
        ]
    },
    {
        "color": "#5A507F",
        "ids": [
            116,
            183,
            190,
            221,
            229,
            307
        ]
    },
    {
        "color": "#DEBAC7",
        "ids": [
            120,
            224,
            287
        ]
    },
    {
        "color": "#D67DA2",
        "ids": [
            122
        ]
    },
    {
        "color": "#E08B67",
        "ids": [
            123,
            291,
            304
        ]
    },
    {
        "color": "#CFC7D8",
        "ids": [
            125,
            226,
            254,
            303
        ]
    },
    {
        "color": "#C5512A",
        "ids": [
            130,
            134
        ]
    },
    {
        "color": "#C1574A",
        "ids": [
            131
        ]
    },
    {
        "color": "#D9EAF6",
        "ids": [
            133
        ]
    },
    {
        "color": "#343764",
        "ids": [
            135,
            247,
            292,
            302
        ]
    },
    {
        "color": "#8BB3F3",
        "ids": [
            144
        ]
    },
    {
        "color": "#7282B6",
        "ids": [
            146,
            194,
            265
        ]
    },
    {
        "color": "#F8B8A5",
        "ids": [
            147,
            306,
            308
        ]
    },
    {
        "color": "#161D3B",
        "ids": [
            153,
            239,
            246
        ]
    },
    {
        "color": "#86504A",
        "ids": [
            154,
            271,
            284
        ]
    },
    {
        "color": "#5D63AA",
        "ids": [
            155,
            179,
            228,
            260,
            273,
            314
        ]
    },
    {
        "color": "#2C2B4D",
        "ids": [
            161,
            256
        ]
    },
    {
        "color": "#DB897F",
        "ids": [
            162
        ]
    },
    {
        "color": "#8A677B",
        "ids": [
            164,
            166
        ]
    },
    {
        "color": "#D9B0B6",
        "ids": [
            169
        ]
    },
    {
        "color": "#7D64B4",
        "ids": [
            171,
            202,
            305
        ]
    },
    {
        "color": "#9D689B",
        "ids": [
            175
        ]
    },
    {
        "color": "#373C7C",
        "ids": [
            185
        ]
    },
    {
        "color": "#EBD3CE",
        "ids": [
            188,
            296
        ]
    },
    {
        "color": "#856DC9",
        "ids": [
            189,
            203,
            235
        ]
    },
    {
        "color": "#4E4073",
        "ids": [
            191,
            245,
            276
        ]
    },
    {
        "color": "#987AB5",
        "ids": [
            192,
            204
        ]
    },
    {
        "color": "#ED9EAC",
        "ids": [
            207
        ]
    },
    {
        "color": "#C47876",
        "ids": [
            211,
            294
        ]
    },
    {
        "color": "#D17E61",
        "ids": [
            214,
            253
        ]
    },
    {
        "color": "#BB989A",
        "ids": [
            222
        ]
    },
    {
        "color": "#AA4A50",
        "ids": [
            223
        ]
    },
    {
        "color": "#B48ED3",
        "ids": [
            230
        ]
    },
    {
        "color": "#DBA07F",
        "ids": [
            231
        ]
    },
    {
        "color": "#6A5D8A",
        "ids": [
            237
        ]
    },
    {
        "color": "#614DB4",
        "ids": [
            242
        ]
    },
    {
        "color": "#F44E2F",
        "ids": [
            248
        ]
    },
    {
        "color": "#0D1424",
        "ids": [
            259
        ]
    },
    {
        "color": "#5060C0",
        "ids": [
            263
        ]
    },
    {
        "color": "#D56349",
        "ids": [
            269
        ]
    },
    {
        "color": "#898DB0",
        "ids": [
            274
        ]
    },
    {
        "color": "#B84334",
        "ids": [
            280
        ]
    },
    {
        "color": "#6E4957",
        "ids": [
            283
        ]
    },
    {
        "color": "#F69E7B",
        "ids": [
            285
        ]
    },
    {
        "color": "#829FD4",
        "ids": [
            286,
            297
        ]
    },
    {
        "color": "#2A1F37",
        "ids": [
            293
        ]
    },
    {
        "color": "#C33921",
        "ids": [
            298
        ]
    },
    {
        "color": "#F2AE8E",
        "ids": [
            310
        ]
    }
]